<?xml version = '1.0' encoding = 'UTF-8'?>
<Relation class="oracle.dbtools.crest.model.design.logical.Relation" name="Faz" directorySegmentName="seg_0" id="0190CEB4-CFD9-3A1E-278B-2CD01AC11A87">
<createdBy>matpi</createdBy>
<createdTime>2023-10-20 00:22:43 UTC</createdTime>
<ownerDesignName>ML_Syncfy</ownerDesignName>
<importedID>C0AD4007-8760-093E-A6D1-5A93B53DFA11</importedID>
<engineerTo>
<item key="E3517374-A0BE-41DE-CD55-ED14FF66C968" value="true"/>
<item key="61F48727-3E8B-9EEE-308A-D92D555BE410" value="true"/>
</engineerTo>
<sourcePk>8EF7F2A6-9866-3414-2968-C4D65CB68442</sourcePk>
<identifying>false</identifying>
<optionalSource>true</optionalSource>
<optionalTarget>false</optionalTarget>
<sourceCardinality>1</sourceCardinality>
<sourceEntity>CE96BADD-4E52-3810-B33D-F54E0D1F0AE2</sourceEntity>
<targetCardinalityString>*</targetCardinalityString>
<targetEntity>856B125B-8B8A-07FE-DC86-05A7E0F3CE89</targetEntity>
<transferable>true</transferable>
<deleteRule>NO ACTION</deleteRule>
</Relation>