<?xml version = '1.0' encoding = 'UTF-8'?>
<Relation class="oracle.dbtools.crest.model.design.logical.Relation" name="Possuiv5" directorySegmentName="seg_0" id="08459320-8AE6-D057-CED1-3B2F41AFAD8F">
<createdBy>matpi</createdBy>
<createdTime>2023-10-20 00:22:43 UTC</createdTime>
<ownerDesignName>ML_Syncfy</ownerDesignName>
<importedID>50992C7F-F5F6-F36F-F312-0DBDC54EB12C</importedID>
<engineerTo>
<item key="E3517374-A0BE-41DE-CD55-ED14FF66C968" value="true"/>
<item key="61F48727-3E8B-9EEE-308A-D92D555BE410" value="true"/>
</engineerTo>
<sourcePk>8DC778C7-E83A-B89F-E8A9-DE1319CB3A53</sourcePk>
<identifying>false</identifying>
<optionalSource>true</optionalSource>
<optionalTarget>false</optionalTarget>
<sourceCardinality>1</sourceCardinality>
<sourceEntity>8010552E-4B7C-3765-BCAB-2CCDC4E115DF</sourceEntity>
<targetCardinalityString>*</targetCardinalityString>
<targetEntity>6552A2E2-580C-223E-4F2C-D7599A9F123D</targetEntity>
<transferable>true</transferable>
<deleteRule>NO ACTION</deleteRule>
</Relation>