<?xml version = '1.0' encoding = 'UTF-8'?>
<Relation class="oracle.dbtools.crest.model.design.logical.Relation" name="Possuiv20" directorySegmentName="seg_0" id="0EF0B6AF-2725-51A7-E7D9-573317F34AA5">
<createdBy>matpi</createdBy>
<createdTime>2023-10-20 01:40:50 UTC</createdTime>
<ownerDesignName>ML_Syncfy</ownerDesignName>
<engineerTo>
<item key="E3517374-A0BE-41DE-CD55-ED14FF66C968" value="true"/>
<item key="61F48727-3E8B-9EEE-308A-D92D555BE410" value="true"/>
</engineerTo>
<sourcePk>D8B95DF2-13C7-BAD2-A093-E3CBF44C2757</sourcePk>
<identifying>false</identifying>
<optionalSource>true</optionalSource>
<optionalTarget>false</optionalTarget>
<sourceCardinality>1</sourceCardinality>
<sourceEntity>99697FC0-8E87-8914-B68C-AE62640C8755</sourceEntity>
<targetCardinalityString>1</targetCardinalityString>
<targetEntity>57B4EF1F-36FB-9A87-D96D-9C4D497383DE</targetEntity>
<transferable>true</transferable>
<deleteRule>NO ACTION</deleteRule>
</Relation>