<?xml version = '1.0' encoding = 'UTF-8'?>
<Relation class="oracle.dbtools.crest.model.design.logical.Relation" name="Possuiv13" directorySegmentName="seg_0" id="34FB19E0-FDFE-9DF6-F15E-F6C49BDEF197">
<createdBy>matpi</createdBy>
<createdTime>2023-10-20 01:24:27 UTC</createdTime>
<ownerDesignName>ML_Syncfy</ownerDesignName>
<engineerTo>
<item key="E3517374-A0BE-41DE-CD55-ED14FF66C968" value="true"/>
<item key="61F48727-3E8B-9EEE-308A-D92D555BE410" value="true"/>
</engineerTo>
<sourcePk>915B855F-24D9-7F03-B799-631747227721</sourcePk>
<identifying>false</identifying>
<optionalSource>true</optionalSource>
<optionalTarget>false</optionalTarget>
<sourceCardinality>1</sourceCardinality>
<sourceEntity>532FA0AE-970E-02A6-44F6-9CDF0BB7E135</sourceEntity>
<targetCardinalityString>1</targetCardinalityString>
<targetEntity>77660684-C9DC-4C83-91E9-9E9B0E66BE06</targetEntity>
<transferable>true</transferable>
<deleteRule>NO ACTION</deleteRule>
</Relation>
