<?xml version = '1.0' encoding = 'UTF-8'?>
<Relation class="oracle.dbtools.crest.model.design.logical.Relation" name="Possuiv17" directorySegmentName="seg_0" id="3BFF4E17-C2CB-0905-E141-CF1177A29FB8">
<createdBy>matpi</createdBy>
<createdTime>2023-10-20 01:28:16 UTC</createdTime>
<ownerDesignName>ML_Syncfy</ownerDesignName>
<engineerTo>
<item key="E3517374-A0BE-41DE-CD55-ED14FF66C968" value="true"/>
<item key="61F48727-3E8B-9EEE-308A-D92D555BE410" value="true"/>
</engineerTo>
<sourcePk>163C2649-A97D-0CCC-EC5C-1A66551ED37B</sourcePk>
<identifying>false</identifying>
<optionalSource>true</optionalSource>
<optionalTarget>false</optionalTarget>
<sourceCardinality>1</sourceCardinality>
<sourceEntity>739C310B-FB00-E3D1-15CA-854AB00C68CD</sourceEntity>
<targetCardinalityString>1</targetCardinalityString>
<targetEntity>998F234A-9E05-19CD-E08C-60C2B956D453</targetEntity>
<transferable>true</transferable>
<deleteRule>NO ACTION</deleteRule>
</Relation>