<?xml version = '1.0' encoding = 'UTF-8'?>
<Relation class="oracle.dbtools.crest.model.design.logical.Relation" name="Possui" directorySegmentName="seg_0" id="3F30ABCB-40AD-9914-79A8-D5A398AAE960">
<createdBy>matpi</createdBy>
<createdTime>2023-10-20 00:22:43 UTC</createdTime>
<ownerDesignName>ML_Syncfy</ownerDesignName>
<importedID>03327961-6F82-8CA5-D803-710E5512D322</importedID>
<engineerTo>
<item key="E3517374-A0BE-41DE-CD55-ED14FF66C968" value="true"/>
<item key="61F48727-3E8B-9EEE-308A-D92D555BE410" value="true"/>
</engineerTo>
<sourcePk>8EF7F2A6-9866-3414-2968-C4D65CB68442</sourcePk>
<identifying>false</identifying>
<optionalSource>true</optionalSource>
<optionalTarget>false</optionalTarget>
<sourceCardinality>1</sourceCardinality>
<sourceEntity>CE96BADD-4E52-3810-B33D-F54E0D1F0AE2</sourceEntity>
<targetCardinalityString>*</targetCardinalityString>
<targetEntity>6325E5D6-C222-92CF-4F8F-068509A64DFE</targetEntity>
<transferable>true</transferable>
<deleteRule>NO ACTION</deleteRule>
</Relation>