<?xml version = '1.0' encoding = 'UTF-8'?>
<Relation class="oracle.dbtools.crest.model.design.logical.Relation" name="Possuiv6" directorySegmentName="seg_0" id="42D8E01C-491A-796A-6E7A-8C797FCB0146">
<createdBy>matpi</createdBy>
<createdTime>2023-10-20 00:22:43 UTC</createdTime>
<ownerDesignName>ML_Syncfy</ownerDesignName>
<importedID>EE222855-0C18-083F-901D-E8C2C0D63F6A</importedID>
<engineerTo>
<item key="E3517374-A0BE-41DE-CD55-ED14FF66C968" value="true"/>
<item key="61F48727-3E8B-9EEE-308A-D92D555BE410" value="true"/>
</engineerTo>
<sourcePk>1F66DF28-D12F-3204-0739-AD2061DA4E07</sourcePk>
<identifying>false</identifying>
<optionalSource>true</optionalSource>
<optionalTarget>false</optionalTarget>
<sourceCardinality>1</sourceCardinality>
<sourceEntity>856B125B-8B8A-07FE-DC86-05A7E0F3CE89</sourceEntity>
<targetCardinalityString>1</targetCardinalityString>
<targetEntity>99697FC0-8E87-8914-B68C-AE62640C8755</targetEntity>
<transferable>true</transferable>
<deleteRule>NO ACTION</deleteRule>
</Relation>