<?xml version = '1.0' encoding = 'UTF-8'?>
<Relation class="oracle.dbtools.crest.model.design.logical.Relation" name="Possuiv9" directorySegmentName="seg_0" id="4A4F052B-ECDC-8134-6134-79CE8282C3CA">
<createdBy>matpi</createdBy>
<createdTime>2023-10-20 01:30:08 UTC</createdTime>
<ownerDesignName>ML_Syncfy</ownerDesignName>
<engineerTo>
<item key="E3517374-A0BE-41DE-CD55-ED14FF66C968" value="true"/>
<item key="61F48727-3E8B-9EEE-308A-D92D555BE410" value="true"/>
</engineerTo>
<sourcePk>C070A064-6450-8DA5-F739-8836E28D1099</sourcePk>
<identifying>false</identifying>
<optionalSource>true</optionalSource>
<optionalTarget>false</optionalTarget>
<sourceCardinality>1</sourceCardinality>
<sourceEntity>57B4EF1F-36FB-9A87-D96D-9C4D497383DE</sourceEntity>
<targetCardinalityString>1</targetCardinalityString>
<targetEntity>532FA0AE-970E-02A6-44F6-9CDF0BB7E135</targetEntity>
<transferable>true</transferable>
<deleteRule>NO ACTION</deleteRule>
</Relation>