<?xml version = '1.0' encoding = 'UTF-8'?>
<Relation class="oracle.dbtools.crest.model.design.logical.Relation" name="Possuiv8" directorySegmentName="seg_0" id="58DB2FD7-4A1B-BC7C-18AD-B649B3124413">
<createdBy>matpi</createdBy>
<createdTime>2023-10-20 00:22:43 UTC</createdTime>
<ownerDesignName>ML_Syncfy</ownerDesignName>
<importedID>30455628-0C2E-74B5-7E0E-27CF1689C669</importedID>
<engineerTo>
<item key="E3517374-A0BE-41DE-CD55-ED14FF66C968" value="true"/>
<item key="61F48727-3E8B-9EEE-308A-D92D555BE410" value="true"/>
</engineerTo>
<sourcePk>8DC778C7-E83A-B89F-E8A9-DE1319CB3A53</sourcePk>
<identifying>false</identifying>
<optionalSource>true</optionalSource>
<optionalTarget>false</optionalTarget>
<sourceCardinality>1</sourceCardinality>
<sourceEntity>8010552E-4B7C-3765-BCAB-2CCDC4E115DF</sourceEntity>
<targetCardinalityString>*</targetCardinalityString>
<targetEntity>739C310B-FB00-E3D1-15CA-854AB00C68CD</targetEntity>
<transferable>true</transferable>
<deleteRule>NO ACTION</deleteRule>
</Relation>