<?xml version = '1.0' encoding = 'UTF-8'?>
<Relation class="oracle.dbtools.crest.model.design.logical.Relation" name="Possuiv10" directorySegmentName="seg_0" id="67A5AF7B-8A0E-4EDB-1C14-C696491DEED6">
<createdBy>matpi</createdBy>
<createdTime>2023-10-20 00:22:43 UTC</createdTime>
<ownerDesignName>ML_Syncfy</ownerDesignName>
<importedID>A904401D-D5C6-98C8-A663-295CC7EA5836</importedID>
<engineerTo>
<item key="E3517374-A0BE-41DE-CD55-ED14FF66C968" value="true"/>
<item key="61F48727-3E8B-9EEE-308A-D92D555BE410" value="true"/>
</engineerTo>
<sourcePk>8DC778C7-E83A-B89F-E8A9-DE1319CB3A53</sourcePk>
<identifying>false</identifying>
<optionalSource>true</optionalSource>
<optionalTarget>false</optionalTarget>
<sourceCardinality>1</sourceCardinality>
<sourceEntity>8010552E-4B7C-3765-BCAB-2CCDC4E115DF</sourceEntity>
<targetCardinalityString>*</targetCardinalityString>
<targetEntity>6325E5D6-C222-92CF-4F8F-068509A64DFE</targetEntity>
<transferable>true</transferable>
<deleteRule>NO ACTION</deleteRule>
</Relation>