<?xml version = '1.0' encoding = 'UTF-8'?>
<Relation class="oracle.dbtools.crest.model.design.logical.Relation" name="Possuiv1" directorySegmentName="seg_0" id="6F819864-F12A-5F45-63F9-29BB553BA41E">
<createdBy>matpi</createdBy>
<createdTime>2023-10-20 01:14:49 UTC</createdTime>
<ownerDesignName>ML_Syncfy</ownerDesignName>
<engineerTo>
<item key="E3517374-A0BE-41DE-CD55-ED14FF66C968" value="true"/>
<item key="61F48727-3E8B-9EEE-308A-D92D555BE410" value="true"/>
</engineerTo>
<sourcePk>8EF7F2A6-9866-3414-2968-C4D65CB68442</sourcePk>
<identifying>true</identifying>
<optionalSource>true</optionalSource>
<optionalTarget>false</optionalTarget>
<sourceCardinality>1</sourceCardinality>
<sourceEntity>CE96BADD-4E52-3810-B33D-F54E0D1F0AE2</sourceEntity>
<targetCardinalityString>*</targetCardinalityString>
<targetEntity>21953616-6C15-2699-113B-9E2FD0BEAABD</targetEntity>
<transferable>true</transferable>
<deleteRule>NO ACTION</deleteRule>
</Relation>