<?xml version = '1.0' encoding = 'UTF-8'?>
<Relation class="oracle.dbtools.crest.model.design.logical.Relation" name="Possuiv18" directorySegmentName="seg_0" id="80D98E22-832B-A467-167A-A5E5CF65A3F6">
<createdBy>matpi</createdBy>
<createdTime>2023-10-20 01:29:51 UTC</createdTime>
<ownerDesignName>ML_Syncfy</ownerDesignName>
<engineerTo>
<item key="E3517374-A0BE-41DE-CD55-ED14FF66C968" value="true"/>
<item key="61F48727-3E8B-9EEE-308A-D92D555BE410" value="true"/>
</engineerTo>
<sourcePk>8DC778C7-E83A-B89F-E8A9-DE1319CB3A53</sourcePk>
<identifying>true</identifying>
<optionalSource>true</optionalSource>
<optionalTarget>false</optionalTarget>
<sourceCardinality>1</sourceCardinality>
<sourceEntity>8010552E-4B7C-3765-BCAB-2CCDC4E115DF</sourceEntity>
<targetCardinalityString>*</targetCardinalityString>
<targetEntity>57B4EF1F-36FB-9A87-D96D-9C4D497383DE</targetEntity>
<transferable>true</transferable>
<deleteRule>NO ACTION</deleteRule>
</Relation>