<?xml version = '1.0' encoding = 'UTF-8'?>
<Relation class="oracle.dbtools.crest.model.design.logical.Relation" name="Possuiv7" directorySegmentName="seg_0" id="A56D2F68-3E3D-9B23-8026-519A391AEEA5">
<createdBy>matpi</createdBy>
<createdTime>2023-10-20 00:22:43 UTC</createdTime>
<ownerDesignName>ML_Syncfy</ownerDesignName>
<importedID>3D270F25-72EC-90CB-1251-F9FAE0F83932</importedID>
<engineerTo>
<item key="E3517374-A0BE-41DE-CD55-ED14FF66C968" value="true"/>
<item key="61F48727-3E8B-9EEE-308A-D92D555BE410" value="true"/>
</engineerTo>
<sourcePk>8DC778C7-E83A-B89F-E8A9-DE1319CB3A53</sourcePk>
<identifying>false</identifying>
<optionalSource>true</optionalSource>
<optionalTarget>false</optionalTarget>
<sourceCardinality>1</sourceCardinality>
<sourceEntity>8010552E-4B7C-3765-BCAB-2CCDC4E115DF</sourceEntity>
<targetCardinalityString>*</targetCardinalityString>
<targetEntity>856B125B-8B8A-07FE-DC86-05A7E0F3CE89</targetEntity>
<transferable>true</transferable>
<deleteRule>NO ACTION</deleteRule>
</Relation>