<?xml version = '1.0' encoding = 'UTF-8'?>
<Relation class="oracle.dbtools.crest.model.design.logical.Relation" name="Possuiv12" directorySegmentName="seg_0" id="AB818871-9697-6F8E-BC97-BE393B6A585B">
<createdBy>matpi</createdBy>
<createdTime>2023-10-20 01:24:19 UTC</createdTime>
<ownerDesignName>ML_Syncfy</ownerDesignName>
<engineerTo>
<item key="E3517374-A0BE-41DE-CD55-ED14FF66C968" value="true"/>
<item key="61F48727-3E8B-9EEE-308A-D92D555BE410" value="true"/>
</engineerTo>
<sourcePk>915B855F-24D9-7F03-B799-631747227721</sourcePk>
<identifying>false</identifying>
<optionalSource>true</optionalSource>
<optionalTarget>false</optionalTarget>
<sourceCardinality>1</sourceCardinality>
<sourceEntity>532FA0AE-970E-02A6-44F6-9CDF0BB7E135</sourceEntity>
<targetCardinalityString>1</targetCardinalityString>
<targetEntity>72CAC8E8-9848-9B0A-5FBD-96AC24EDDEEB</targetEntity>
<transferable>true</transferable>
<deleteRule>NO ACTION</deleteRule>
</Relation>
