<?xml version = '1.0' encoding = 'UTF-8'?>
<Relation class="oracle.dbtools.crest.model.design.logical.Relation" name="Possuiv16" directorySegmentName="seg_0" id="ACFDC49D-71FA-F802-E6DF-9B09672A748F">
<createdBy>matpi</createdBy>
<createdTime>2023-10-20 01:25:02 UTC</createdTime>
<ownerDesignName>ML_Syncfy</ownerDesignName>
<engineerTo>
<item key="E3517374-A0BE-41DE-CD55-ED14FF66C968" value="true"/>
<item key="61F48727-3E8B-9EEE-308A-D92D555BE410" value="true"/>
</engineerTo>
<sourcePk>915B855F-24D9-7F03-B799-631747227721</sourcePk>
<identifying>false</identifying>
<optionalSource>true</optionalSource>
<optionalTarget>false</optionalTarget>
<sourceCardinality>1</sourceCardinality>
<sourceEntity>532FA0AE-970E-02A6-44F6-9CDF0BB7E135</sourceEntity>
<targetCardinalityString>1</targetCardinalityString>
<targetEntity>E856A6AF-446D-9CFB-028B-155D1F44CE73</targetEntity>
<transferable>true</transferable>
<deleteRule>NO ACTION</deleteRule>
</Relation>
