<?xml version = '1.0' encoding = 'UTF-8'?>
<Relation class="oracle.dbtools.crest.model.design.logical.Relation" name="Possuiv4" directorySegmentName="seg_0" id="D14B7A9B-7BDE-ECC7-B789-21D87DC4180A">
<createdBy>matpi</createdBy>
<createdTime>2023-10-20 01:24:11 UTC</createdTime>
<ownerDesignName>ML_Syncfy</ownerDesignName>
<engineerTo>
<item key="E3517374-A0BE-41DE-CD55-ED14FF66C968" value="true"/>
<item key="61F48727-3E8B-9EEE-308A-D92D555BE410" value="true"/>
</engineerTo>
<sourcePk>915B855F-24D9-7F03-B799-631747227721</sourcePk>
<identifying>false</identifying>
<optionalSource>true</optionalSource>
<optionalTarget>false</optionalTarget>
<sourceCardinality>1</sourceCardinality>
<sourceEntity>532FA0AE-970E-02A6-44F6-9CDF0BB7E135</sourceEntity>
<targetCardinalityString>1</targetCardinalityString>
<targetEntity>79C1FBA5-E4B4-B2BF-66B3-B2350DE2D2D4</targetEntity>
<transferable>true</transferable>
<deleteRule>NO ACTION</deleteRule>
</Relation>
