<?xml version = '1.0' encoding = 'UTF-8'?>
<Diagram class="oracle.dbtools.crest.swingui.logical.DPVLogical" name="Logical" id="22F3E7CB-C79F-6FA8-8184-C2C8837E7634">
<createdBy>matpi</createdBy>
<modifiedBy>matpi</modifiedBy>
<createdTime>2023-10-20 00:22:42 UTC</createdTime>
<autoRoute>false</autoRoute>
<boxInbox>true</boxInbox>
<showLegend>false</showLegend>
<showLabels>false</showLabels>
<showRelAttributes>false</showRelAttributes>
<gridEnabled>false</gridEnabled>
<showGrid>false</showGrid>
<diagramColor>-1</diagramColor>
<display>false</display>
<notation>1</notation>
<objectViews>
<OView class="oracle.dbtools.crest.swingui.logical.TVEntity" oid="02221C79-DEB0-5037-4067-53644792F35A" otype="Entity" vid="9198E047-E4FB-0590-08E8-E13D2483F799">
<hideElementsInCurrentOnly>false</hideElementsInCurrentOnly>
<bounds x="1087" y="202" width="170" height="69"/>
</OView>
<OView class="oracle.dbtools.crest.swingui.logical.TVEntity" oid="21953616-6C15-2699-113B-9E2FD0BEAABD" otype="Entity" vid="3710D56F-5A9B-D4C9-275A-6BFE001A11EF">
<hideElementsInCurrentOnly>false</hideElementsInCurrentOnly>
<bounds x="643" y="79" width="170" height="53"/>
</OView>
<OView class="oracle.dbtools.crest.swingui.logical.TVEntity" oid="51AFC5C4-6D8F-BDAD-B677-1D94A150FA9F" otype="Entity" vid="5578BDAE-E121-8CEA-8BA4-1DEFD38F434B">
<hideElementsInCurrentOnly>false</hideElementsInCurrentOnly>
<bounds x="429" y="210" width="76" height="54"/>
</OView>
<OView class="oracle.dbtools.crest.swingui.logical.TVEntity" oid="532FA0AE-970E-02A6-44F6-9CDF0BB7E135" otype="Entity" vid="1C88766A-ABC3-A86F-F7B5-635EEE40B1D5">
<hideElementsInCurrentOnly>false</hideElementsInCurrentOnly>
<bounds x="948" y="55" width="170" height="100"/>
</OView>
<OView class="oracle.dbtools.crest.swingui.logical.TVEntity" oid="57B4EF1F-36FB-9A87-D96D-9C4D497383DE" otype="Entity" vid="9B2AF46C-B90F-998D-DD2A-C1E549732676">
<hideElementsInCurrentOnly>false</hideElementsInCurrentOnly>
<bounds x="638" y="150" width="117" height="40"/>
</OView>
<OView class="oracle.dbtools.crest.swingui.logical.TVEntity" oid="6325E5D6-C222-92CF-4F8F-068509A64DFE" otype="Entity" vid="24FD92FE-1C0E-0DDB-ED95-B5A556BEE667">
<hideElementsInCurrentOnly>false</hideElementsInCurrentOnly>
<bounds x="279" y="246" width="94" height="54"/>
</OView>
<OView class="oracle.dbtools.crest.swingui.logical.TVEntity" oid="6552A2E2-580C-223E-4F2C-D7599A9F123D" otype="Entity" vid="06DC5201-4D43-338C-BB84-A59E6764CA18">
<hideElementsInCurrentOnly>false</hideElementsInCurrentOnly>
<bounds x="576" y="352" width="170" height="59"/>
</OView>
<OView class="oracle.dbtools.crest.swingui.logical.TVEntity" oid="72CAC8E8-9848-9B0A-5FBD-96AC24EDDEEB" otype="Entity" vid="A2DC1114-1A38-4166-B102-CC234DB36AD1">
<hideElementsInCurrentOnly>false</hideElementsInCurrentOnly>
<bounds x="1205" y="72" width="170" height="58"/>
</OView>
<OView class="oracle.dbtools.crest.swingui.logical.TVEntity" oid="739C310B-FB00-E3D1-15CA-854AB00C68CD" otype="Entity" vid="56716D01-EB09-CAF1-24F1-D54C1A8C22F9">
<hideElementsInCurrentOnly>false</hideElementsInCurrentOnly>
<bounds x="691" y="467" width="176" height="100"/>
</OView>
<OView class="oracle.dbtools.crest.swingui.logical.TVEntity" oid="77660684-C9DC-4C83-91E9-9E9B0E66BE06" otype="Entity" vid="86ABF1CA-08E1-99FC-9FA4-84DFEE02D097">
<hideElementsInCurrentOnly>false</hideElementsInCurrentOnly>
<bounds x="1263" y="144" width="170" height="66"/>
</OView>
<OView class="oracle.dbtools.crest.swingui.logical.TVEntity" oid="79C1FBA5-E4B4-B2BF-66B3-B2350DE2D2D4" otype="Entity" vid="085FACD8-D069-E2FC-182A-FBD8B2372817">
<hideElementsInCurrentOnly>false</hideElementsInCurrentOnly>
<bounds x="1162" y="4" width="170" height="55"/>
</OView>
<OView class="oracle.dbtools.crest.swingui.logical.TVEntity" oid="8010552E-4B7C-3765-BCAB-2CCDC4E115DF" otype="Entity" vid="D649492C-3989-A042-A7C8-2124CD5BD80E">
<hideElementsInCurrentOnly>false</hideElementsInCurrentOnly>
<bounds x="308" y="419" width="176" height="90"/>
</OView>
<OView class="oracle.dbtools.crest.swingui.logical.TVEntity" oid="856B125B-8B8A-07FE-DC86-05A7E0F3CE89" otype="Entity" vid="6FD42D2F-E1AE-B9B7-915D-2361556A749D">
<hideElementsInCurrentOnly>false</hideElementsInCurrentOnly>
<bounds x="109" y="556" width="168" height="143"/>
</OView>
<OView class="oracle.dbtools.crest.swingui.logical.TVEntity" oid="99697FC0-8E87-8914-B68C-AE62640C8755" otype="Entity" vid="98ABB74F-DDE3-D97E-219E-1970D44ABA4A">
<hideElementsInCurrentOnly>false</hideElementsInCurrentOnly>
<bounds x="49" y="131" width="170" height="85"/>
</OView>
<OView class="oracle.dbtools.crest.swingui.logical.TVEntity" oid="998F234A-9E05-19CD-E08C-60C2B956D453" otype="Entity" vid="6AED2C12-9240-7FA3-91FF-BCC058F8DBB8">
<hideElementsInCurrentOnly>false</hideElementsInCurrentOnly>
<bounds x="689" y="622" width="170" height="49"/>
</OView>
<OView class="oracle.dbtools.crest.swingui.logical.TVEntity" oid="CE96BADD-4E52-3810-B33D-F54E0D1F0AE2" otype="Entity" vid="91A37A43-FD00-E2A4-FB0D-FE619AD43957">
<hideElementsInCurrentOnly>false</hideElementsInCurrentOnly>
<bounds x="216" y="6" width="168" height="118"/>
</OView>
<OView class="oracle.dbtools.crest.swingui.logical.TVEntity" oid="E856A6AF-446D-9CFB-028B-155D1F44CE73" otype="Entity" vid="34F19ADF-F399-D40A-C342-690AD5E3D75C">
<hideElementsInCurrentOnly>false</hideElementsInCurrentOnly>
<bounds x="957" y="314" width="170" height="67"/>
</OView>
<OView class="oracle.dbtools.crest.swingui.logical.TVEntity" oid="EF84B1BD-0654-8351-08B8-EE8AF3FF1183" otype="Entity" vid="BBFDB399-DF20-D10F-4F40-058E56C71A80">
<hideElementsInCurrentOnly>false</hideElementsInCurrentOnly>
<bounds x="841" y="195" width="170" height="70"/>
</OView>
<OView class="oracle.dbtools.crest.swingui.logical.TVEntity" oid="FDCA0ED2-A849-053D-1F0D-4E790A287C12" otype="Entity" vid="852A2450-CA36-2C31-8455-679D053F0270">
<hideElementsInCurrentOnly>false</hideElementsInCurrentOnly>
<bounds x="427" y="593" width="176" height="51"/>
</OView>
</objectViews>
<connectors>
<Connector class="oracle.dbtools.crest.swingui.logical.TVRelation" oid="0190CEB4-CFD9-3A1E-278B-2CD01AC11A87" otype="Relation" vid_source="91A37A43-FD00-E2A4-FB0D-FE619AD43957" vid_target="6FD42D2F-E1AE-B9B7-915D-2361556A749D">
<hideElementsInCurrentOnly>false</hideElementsInCurrentOnly>
<backgroundColor>-16777216</backgroundColor>
<lineWidth>1</lineWidth>
<points>
<point x="261" y="124"/>
<point x="261" y="556"/>
</points>
</Connector>
<Connector class="oracle.dbtools.crest.swingui.logical.TVRelation" oid="08459320-8AE6-D057-CED1-3B2F41AFAD8F" otype="Relation" vid_source="D649492C-3989-A042-A7C8-2124CD5BD80E" vid_target="06DC5201-4D43-338C-BB84-A59E6764CA18">
<hideElementsInCurrentOnly>false</hideElementsInCurrentOnly>
<backgroundColor>-16777216</backgroundColor>
<lineWidth>1</lineWidth>
<points>
<point x="484" y="436"/>
<point x="576" y="407"/>
</points>
</Connector>
<Connector class="oracle.dbtools.crest.swingui.logical.TVRelation" oid="0DFA3985-6439-AE5E-9E7D-51F7EEC139F5" otype="Relation" vid_source="852A2450-CA36-2C31-8455-679D053F0270" vid_target="56716D01-EB09-CAF1-24F1-D54C1A8C22F9">
<hideElementsInCurrentOnly>false</hideElementsInCurrentOnly>
<backgroundColor>-16777216</backgroundColor>
<lineWidth>1</lineWidth>
<points>
<point x="581" y="593"/>
<point x="691" y="550"/>
</points>
</Connector>
<Connector class="oracle.dbtools.crest.swingui.logical.TVRelation" oid="0EF0B6AF-2725-51A7-E7D9-573317F34AA5" otype="Relation" vid_source="98ABB74F-DDE3-D97E-219E-1970D44ABA4A" vid_target="9B2AF46C-B90F-998D-DD2A-C1E549732676">
<hideElementsInCurrentOnly>false</hideElementsInCurrentOnly>
<backgroundColor>-16777216</backgroundColor>
<lineWidth>1</lineWidth>
<points>
<point x="219" y="192"/>
<point x="638" y="190"/>
</points>
</Connector>
<Connector class="oracle.dbtools.crest.swingui.logical.TVRelation" oid="22775EE5-67BD-E965-0220-A84B8652ADBF" otype="Relation" vid_source="3710D56F-5A9B-D4C9-275A-6BFE001A11EF" vid_target="1C88766A-ABC3-A86F-F7B5-635EEE40B1D5">
<hideElementsInCurrentOnly>false</hideElementsInCurrentOnly>
<backgroundColor>-16777216</backgroundColor>
<lineWidth>1</lineWidth>
<points>
<point x="813" y="105"/>
<point x="948" y="105"/>
</points>
</Connector>
<Connector class="oracle.dbtools.crest.swingui.logical.TVRelation" oid="2B36008C-9192-8D21-D1AB-718AABF273D1" otype="Relation" vid_source="5578BDAE-E121-8CEA-8BA4-1DEFD38F434B" vid_target="24FD92FE-1C0E-0DDB-ED95-B5A556BEE667">
<hideElementsInCurrentOnly>false</hideElementsInCurrentOnly>
<backgroundColor>-16777216</backgroundColor>
<lineWidth>1</lineWidth>
<points>
<point x="429" y="255"/>
<point x="373" y="255"/>
</points>
</Connector>
<Connector class="oracle.dbtools.crest.swingui.logical.TVRelation" oid="34FB19E0-FDFE-9DF6-F15E-F6C49BDEF197" otype="Relation" vid_source="1C88766A-ABC3-A86F-F7B5-635EEE40B1D5" vid_target="86ABF1CA-08E1-99FC-9FA4-84DFEE02D097">
<hideElementsInCurrentOnly>false</hideElementsInCurrentOnly>
<backgroundColor>-16777216</backgroundColor>
<lineWidth>1</lineWidth>
<points>
<point x="1118" y="149"/>
<point x="1263" y="149"/>
</points>
</Connector>
<Connector class="oracle.dbtools.crest.swingui.logical.TVRelation" oid="3BFF4E17-C2CB-0905-E141-CF1177A29FB8" otype="Relation" vid_source="56716D01-EB09-CAF1-24F1-D54C1A8C22F9" vid_target="6AED2C12-9240-7FA3-91FF-BCC058F8DBB8">
<hideElementsInCurrentOnly>false</hideElementsInCurrentOnly>
<backgroundColor>-16777216</backgroundColor>
<lineWidth>1</lineWidth>
<points>
<point x="775" y="567"/>
<point x="775" y="622"/>
</points>
</Connector>
<Connector class="oracle.dbtools.crest.swingui.logical.TVRelation" oid="3F30ABCB-40AD-9914-79A8-D5A398AAE960" otype="Relation" vid_source="91A37A43-FD00-E2A4-FB0D-FE619AD43957" vid_target="24FD92FE-1C0E-0DDB-ED95-B5A556BEE667">
<hideElementsInCurrentOnly>false</hideElementsInCurrentOnly>
<backgroundColor>-16777216</backgroundColor>
<lineWidth>1</lineWidth>
<points>
<point x="331" y="124"/>
<point x="331" y="246"/>
</points>
</Connector>
<Connector class="oracle.dbtools.crest.swingui.logical.TVRelation" oid="42D8E01C-491A-796A-6E7A-8C797FCB0146" otype="Relation" vid_source="6FD42D2F-E1AE-B9B7-915D-2361556A749D" vid_target="98ABB74F-DDE3-D97E-219E-1970D44ABA4A">
<hideElementsInCurrentOnly>false</hideElementsInCurrentOnly>
<backgroundColor>-16777216</backgroundColor>
<lineWidth>1</lineWidth>
<points>
<point x="194" y="556"/>
<point x="194" y="216"/>
</points>
</Connector>
<Connector class="oracle.dbtools.crest.swingui.logical.TVRelation" oid="4A4F052B-ECDC-8134-6134-79CE8282C3CA" otype="Relation" vid_source="9B2AF46C-B90F-998D-DD2A-C1E549732676" vid_target="1C88766A-ABC3-A86F-F7B5-635EEE40B1D5">
<hideElementsInCurrentOnly>false</hideElementsInCurrentOnly>
<backgroundColor>-16777216</backgroundColor>
<lineWidth>1</lineWidth>
<points>
<point x="755" y="152"/>
<point x="948" y="152"/>
</points>
</Connector>
<Connector class="oracle.dbtools.crest.swingui.logical.TVRelation" oid="58DB2FD7-4A1B-BC7C-18AD-B649B3124413" otype="Relation" vid_source="D649492C-3989-A042-A7C8-2124CD5BD80E" vid_target="56716D01-EB09-CAF1-24F1-D54C1A8C22F9">
<hideElementsInCurrentOnly>false</hideElementsInCurrentOnly>
<backgroundColor>-16777216</backgroundColor>
<lineWidth>1</lineWidth>
<points>
<point x="484" y="488"/>
<point x="691" y="488"/>
</points>
</Connector>
<Connector class="oracle.dbtools.crest.swingui.logical.TVRelation" oid="65AC2672-85B6-3CE6-492C-0CE1261DC91D" otype="Relation" vid_source="1C88766A-ABC3-A86F-F7B5-635EEE40B1D5" vid_target="9198E047-E4FB-0590-08E8-E13D2483F799">
<hideElementsInCurrentOnly>false</hideElementsInCurrentOnly>
<backgroundColor>-16777216</backgroundColor>
<lineWidth>1</lineWidth>
<points>
<point x="1102" y="155"/>
<point x="1102" y="202"/>
</points>
</Connector>
<Connector class="oracle.dbtools.crest.swingui.logical.TVRelation" oid="67A5AF7B-8A0E-4EDB-1C14-C696491DEED6" otype="Relation" vid_source="D649492C-3989-A042-A7C8-2124CD5BD80E" vid_target="24FD92FE-1C0E-0DDB-ED95-B5A556BEE667">
<hideElementsInCurrentOnly>false</hideElementsInCurrentOnly>
<backgroundColor>-16777216</backgroundColor>
<lineWidth>1</lineWidth>
<points>
<point x="378" y="419"/>
<point x="373" y="300"/>
</points>
</Connector>
<Connector class="oracle.dbtools.crest.swingui.logical.TVRelation" oid="6F819864-F12A-5F45-63F9-29BB553BA41E" otype="Relation" vid_source="91A37A43-FD00-E2A4-FB0D-FE619AD43957" vid_target="3710D56F-5A9B-D4C9-275A-6BFE001A11EF">
<hideElementsInCurrentOnly>false</hideElementsInCurrentOnly>
<backgroundColor>-16777216</backgroundColor>
<lineWidth>1</lineWidth>
<points>
<point x="384" y="101"/>
<point x="643" y="101"/>
</points>
</Connector>
<Connector class="oracle.dbtools.crest.swingui.logical.TVRelation" oid="80D98E22-832B-A467-167A-A5E5CF65A3F6" otype="Relation" vid_source="D649492C-3989-A042-A7C8-2124CD5BD80E" vid_target="9B2AF46C-B90F-998D-DD2A-C1E549732676">
<hideElementsInCurrentOnly>false</hideElementsInCurrentOnly>
<backgroundColor>-16777216</backgroundColor>
<lineWidth>1</lineWidth>
<points>
<point x="447" y="419"/>
<point x="691" y="190"/>
</points>
</Connector>
<Connector class="oracle.dbtools.crest.swingui.logical.TVRelation" oid="89128F6E-3C8A-6251-0988-7A6646751198" otype="Relation" vid_source="98ABB74F-DDE3-D97E-219E-1970D44ABA4A" vid_target="3710D56F-5A9B-D4C9-275A-6BFE001A11EF">
<hideElementsInCurrentOnly>false</hideElementsInCurrentOnly>
<backgroundColor>-16777216</backgroundColor>
<lineWidth>1</lineWidth>
<points>
<point x="219" y="131"/>
<point x="643" y="131"/>
</points>
</Connector>
<Connector class="oracle.dbtools.crest.swingui.logical.TVRelation" oid="A56D2F68-3E3D-9B23-8026-519A391AEEA5" otype="Relation" vid_source="D649492C-3989-A042-A7C8-2124CD5BD80E" vid_target="6FD42D2F-E1AE-B9B7-915D-2361556A749D">
<hideElementsInCurrentOnly>false</hideElementsInCurrentOnly>
<backgroundColor>-16777216</backgroundColor>
<lineWidth>1</lineWidth>
<points>
<point x="340" y="509"/>
<point x="277" y="574"/>
</points>
</Connector>
<Connector class="oracle.dbtools.crest.swingui.logical.TVRelation" oid="A9CD9CB4-0D5E-27ED-CF7B-21FAB11CE267" otype="Relation" vid_source="6FD42D2F-E1AE-B9B7-915D-2361556A749D" vid_target="852A2450-CA36-2C31-8455-679D053F0270">
<hideElementsInCurrentOnly>false</hideElementsInCurrentOnly>
<backgroundColor>-16777216</backgroundColor>
<lineWidth>1</lineWidth>
<points>
<point x="277" y="618"/>
<point x="427" y="618"/>
</points>
</Connector>
<Connector class="oracle.dbtools.crest.swingui.logical.TVRelation" oid="AB818871-9697-6F8E-BC97-BE393B6A585B" otype="Relation" vid_source="1C88766A-ABC3-A86F-F7B5-635EEE40B1D5" vid_target="A2DC1114-1A38-4166-B102-CC234DB36AD1">
<hideElementsInCurrentOnly>false</hideElementsInCurrentOnly>
<backgroundColor>-16777216</backgroundColor>
<lineWidth>1</lineWidth>
<points>
<point x="1118" y="101"/>
<point x="1205" y="101"/>
</points>
</Connector>
<Connector class="oracle.dbtools.crest.swingui.logical.TVRelation" oid="ACFDC49D-71FA-F802-E6DF-9B09672A748F" otype="Relation" vid_source="1C88766A-ABC3-A86F-F7B5-635EEE40B1D5" vid_target="34F19ADF-F399-D40A-C342-690AD5E3D75C">
<hideElementsInCurrentOnly>false</hideElementsInCurrentOnly>
<backgroundColor>-16777216</backgroundColor>
<lineWidth>1</lineWidth>
<points>
<point x="1037" y="155"/>
<point x="1037" y="314"/>
</points>
</Connector>
<Connector class="oracle.dbtools.crest.swingui.logical.TVRelation" oid="D14B7A9B-7BDE-ECC7-B789-21D87DC4180A" otype="Relation" vid_source="1C88766A-ABC3-A86F-F7B5-635EEE40B1D5" vid_target="085FACD8-D069-E2FC-182A-FBD8B2372817">
<hideElementsInCurrentOnly>false</hideElementsInCurrentOnly>
<backgroundColor>-16777216</backgroundColor>
<lineWidth>1</lineWidth>
<points>
<point x="1118" y="57"/>
<point x="1162" y="57"/>
</points>
</Connector>
<Connector class="oracle.dbtools.crest.swingui.logical.TVRelation" oid="E97BC3EA-1F15-66E6-A19A-CE4320538C44" otype="Relation" vid_source="1C88766A-ABC3-A86F-F7B5-635EEE40B1D5" vid_target="BBFDB399-DF20-D10F-4F40-058E56C71A80">
<hideElementsInCurrentOnly>false</hideElementsInCurrentOnly>
<backgroundColor>-16777216</backgroundColor>
<lineWidth>1</lineWidth>
<points>
<point x="979" y="155"/>
<point x="979" y="195"/>
</points>
</Connector>
</connectors>
</Diagram>
