<?xml version = '1.0' encoding = 'UTF-8'?>
<FKIndexAssociation class="oracle.dbtools.crest.model.design.relational.FKIndexAssociation" directorySegmentName="seg_0" id="28AA313E-DC71-5D61-4B51-FF17F22678CF" containerWithKeyObject="420E638C-B204-9623-2B1A-7EA3B397675F" localFKIndex="92D7693E-951C-BC1D-19C7-52AB7B82177F" name="Segment_Vendor_FK">
<createdBy>matpi</createdBy>
<createdTime>2023-10-20 00:22:43 UTC</createdTime>
<generatorID>08459320-8AE6-D057-CED1-3B2F41AFAD8F</generatorID>
<ownerDesignName>ML_Syncfy</ownerDesignName>
<importedID>AD9A1B4C-B44C-B46D-7A3F-741041128599</importedID>
<referredTableLongName>Vendor</referredTableLongName>
<deleteRule>NO ACTION</deleteRule>
<referredTableID>2BC49190-824A-9A30-2D04-9297CA664841</referredTableID>
<keyObject>F0BF03D7-24B3-B9EF-7CF4-E146601C27AC</keyObject>
<referredKeyID>F0BF03D7-24B3-B9EF-7CF4-E146601C27AC</referredKeyID>
<mandatory>true</mandatory>
<refColNames>Id,Cnpj</refColNames>
<transferable>true</transferable>
<rely>false</rely>
<columnDependencyConstraintGenerateInDDL>true</columnDependencyConstraintGenerateInDDL>
</FKIndexAssociation>