<?xml version = '1.0' encoding = 'UTF-8'?>
<FKIndexAssociation class="oracle.dbtools.crest.model.design.relational.FKIndexAssociation" directorySegmentName="seg_0" id="2B0863A4-DB59-4404-4D48-E7A69DCAAA8C" containerWithKeyObject="5759639A-C4CD-529D-D485-12082D1D73D7" localFKIndex="94808FB3-E94C-FBA3-B807-1A5682431C93" name="Order_Vendor_FK">
<createdBy>matpi</createdBy>
<createdTime>2023-10-20 00:22:43 UTC</createdTime>
<generatorID>A56D2F68-3E3D-9B23-8026-519A391AEEA5</generatorID>
<ownerDesignName>ML_Syncfy</ownerDesignName>
<importedID>2365D131-240C-374C-D85C-FA666812EA80</importedID>
<referredTableLongName>Vendor</referredTableLongName>
<deleteRule>NO ACTION</deleteRule>
<referredTableID>2BC49190-824A-9A30-2D04-9297CA664841</referredTableID>
<keyObject>F0BF03D7-24B3-B9EF-7CF4-E146601C27AC</keyObject>
<referredKeyID>F0BF03D7-24B3-B9EF-7CF4-E146601C27AC</referredKeyID>
<mandatory>true</mandatory>
<refColNames>Id,Cnpj</refColNames>
<transferable>true</transferable>
<rely>false</rely>
<columnDependencyConstraintGenerateInDDL>true</columnDependencyConstraintGenerateInDDL>
</FKIndexAssociation>