<?xml version = '1.0' encoding = 'UTF-8'?>
<FKIndexAssociation class="oracle.dbtools.crest.model.design.relational.FKIndexAssociation" directorySegmentName="seg_0" id="3534D39F-85C1-9AB2-649A-AA5DCDF1424A" containerWithKeyObject="B34D15E0-7B5F-FD25-BACD-286826B58636" localFKIndex="D2721F05-7B75-6A6D-D8CD-BF751D5EAB66" name="IBGE_Code_Address_FK">
<createdBy>user</createdBy>
<createdTime>2023-10-20 14:20:11 UTC</createdTime>
<generatorID>E97BC3EA-1F15-66E6-A19A-CE4320538C44</generatorID>
<ownerDesignName>ML_Syncfy</ownerDesignName>
<referredTableLongName>Address</referredTableLongName>
<deleteRule>NO ACTION</deleteRule>
<referredTableID>FB0A583B-08CE-1816-16FE-4965857CC78F</referredTableID>
<keyObject>FE7A9961-3F94-4728-3577-A51462D3B45C</keyObject>
<referredKeyID>FE7A9961-3F94-4728-3577-A51462D3B45C</referredKeyID>
<mandatory>true</mandatory>
<refColNames>Id</refColNames>
<transferable>true</transferable>
<rely>false</rely>
<columnDependencyConstraintGenerateInDDL>true</columnDependencyConstraintGenerateInDDL>
</FKIndexAssociation>