<?xml version = '1.0' encoding = 'UTF-8'?>
<FKIndexAssociation class="oracle.dbtools.crest.model.design.relational.FKIndexAssociation" directorySegmentName="seg_0" id="6C94B843-0A94-CDCA-3438-29D578FFA005" containerWithKeyObject="5759639A-C4CD-529D-D485-12082D1D73D7" localFKIndex="561DA93F-9D86-5AE5-5AC9-3329CB7C2910" name="Order_Company_User_FK">
<createdBy>matpi</createdBy>
<createdTime>2023-10-20 00:22:43 UTC</createdTime>
<generatorID>0190CEB4-CFD9-3A1E-278B-2CD01AC11A87</generatorID>
<ownerDesignName>ML_Syncfy</ownerDesignName>
<importedID>C4BE0854-CD2F-1C63-E2AA-68B746DE0C70</importedID>
<referredTableLongName>Company_User</referredTableLongName>
<deleteRule>NO ACTION</deleteRule>
<referredTableID>9C94BD5F-4B2C-EA64-A7EC-79B7AC2BA56E</referredTableID>
<keyObject>B1D08365-099A-0BDD-41A6-0B83BFCEF332</keyObject>
<referredKeyID>B1D08365-099A-0BDD-41A6-0B83BFCEF332</referredKeyID>
<mandatory>true</mandatory>
<refColNames>Id,Cnpj</refColNames>
<transferable>true</transferable>
<rely>false</rely>
<columnDependencyConstraintGenerateInDDL>true</columnDependencyConstraintGenerateInDDL>
</FKIndexAssociation>