<?xml version = '1.0' encoding = 'UTF-8'?>
<Table class="oracle.dbtools.crest.model.design.relational.Table" directorySegmentName="seg_0" id="2BC49190-824A-9A30-2D04-9297CA664841" name="Vendor">
<createdBy>matpi</createdBy>
<createdTime>2023-10-20 00:22:43 UTC</createdTime>
<generatorID>8010552E-4B7C-3765-BCAB-2CCDC4E115DF</generatorID>
<ownerDesignName>ML_Syncfy</ownerDesignName>
<importedID>9D59916E-A87A-03DF-9518-B9596B2A803C</importedID>
<allowColumnReorder>false</allowColumnReorder>
<existDependencyGenerateInDDl>true</existDependencyGenerateInDDl>
<parsed>true</parsed>
<columns itemClass="oracle.dbtools.crest.model.design.relational.Column">
<Column name="Id" id="66BCE3D6-D938-9909-4A22-EB31EC8958BA">
<createdBy>matpi</createdBy>
<createdTime>2023-10-20 00:22:43 UTC</createdTime>
<generatorID>D8428407-06B1-3F58-35D5-DCBA058DE69C</generatorID>
<ownerDesignName>ML_Syncfy</ownerDesignName>
<importedID>6414FE5B-9DC1-9430-5D10-A502C7A6FCD8</importedID>
<useDomainConstraints>false</useDomainConstraints>
<use>1</use>
<logicalDatatype>LOGDT019</logicalDatatype>
<ownDataTypeParameters>,,</ownDataTypeParameters>
<autoIncrementCycle>false</autoIncrementCycle>
</Column>
<Column name="Cnpj" id="4FB27733-D1BD-D3D6-96BD-944D2E776DCD">
<createdBy>matpi</createdBy>
<createdTime>2023-10-20 00:22:43 UTC</createdTime>
<generatorID>62E2B7B0-125A-7EA1-C5D8-FB5665BE5465</generatorID>
<ownerDesignName>ML_Syncfy</ownerDesignName>
<importedID>68216723-6843-68A2-628E-0EDCBA876F07</importedID>
<useDomainConstraints>false</useDomainConstraints>
<use>1</use>
<logicalDatatype>LOGDT019</logicalDatatype>
<ownDataTypeParameters>,,</ownDataTypeParameters>
<autoIncrementCycle>false</autoIncrementCycle>
</Column>
<Column name="Name" id="ED0824BC-94DB-03D6-A5C4-9F358EAD0586">
<createdBy>matpi</createdBy>
<createdTime>2023-10-20 00:22:43 UTC</createdTime>
<generatorID>67D5C2C6-316C-FA35-433C-1979E5A6C3BC</generatorID>
<ownerDesignName>ML_Syncfy</ownerDesignName>
<importedID>55424F34-1711-4700-DB48-5E16B0D8A449</importedID>
<nullsAllowed>true</nullsAllowed>
<useDomainConstraints>false</useDomainConstraints>
<use>1</use>
<logicalDatatype>LOGDT024</logicalDatatype>
<dataTypeSize>50</dataTypeSize>
<ownDataTypeParameters>50,,</ownDataTypeParameters>
<autoIncrementCycle>false</autoIncrementCycle>
</Column>
<Column name="Email" id="3E63F431-5B9D-E6CF-7C74-DB6CFBAD8F22">
<createdBy>matpi</createdBy>
<createdTime>2023-10-20 00:22:43 UTC</createdTime>
<generatorID>0EEF173D-5765-1304-02DD-79F16EBC2396</generatorID>
<ownerDesignName>ML_Syncfy</ownerDesignName>
<importedID>9156ABFD-B764-FE17-D3A9-E0959454BF58</importedID>
<nullsAllowed>true</nullsAllowed>
<useDomainConstraints>false</useDomainConstraints>
<use>1</use>
<logicalDatatype>LOGDT024</logicalDatatype>
<dataTypeSize>150</dataTypeSize>
<ownDataTypeParameters>150,,</ownDataTypeParameters>
<autoIncrementCycle>false</autoIncrementCycle>
</Column>
</columns>
<indexes itemClass="oracle.dbtools.crest.model.design.relational.Index">
<ind_PK_UK id="F0BF03D7-24B3-B9EF-7CF4-E146601C27AC" name="Vendor_PK">
<createdBy>matpi</createdBy>
<createdTime>2023-10-20 00:22:43 UTC</createdTime>
<generatorID>8DC778C7-E83A-B89F-E8A9-DE1319CB3A53</generatorID>
<ownerDesignName>ML_Syncfy</ownerDesignName>
<importedID>A528AC07-FF64-DC18-F0BB-808DAAC38602</importedID>
<pk>true</pk>
<indexState>Primary Constraint</indexState>
<isSurrogateKey>false</isSurrogateKey>
<indexColumnUsage>
<colUsage columnID="66BCE3D6-D938-9909-4A22-EB31EC8958BA"/>
<colUsage columnID="4FB27733-D1BD-D3D6-96BD-944D2E776DCD"/>
</indexColumnUsage>
</ind_PK_UK>
</indexes>
</Table>