<?xml version = '1.0' encoding = 'UTF-8'?>
<Table class="oracle.dbtools.crest.model.design.relational.Table" directorySegmentName="seg_0" id="420E638C-B204-9623-2B1A-7EA3B397675F" name="Segment">
<createdBy>matpi</createdBy>
<createdTime>2023-10-20 00:22:43 UTC</createdTime>
<generatorID>6552A2E2-580C-223E-4F2C-D7599A9F123D</generatorID>
<ownerDesignName>ML_Syncfy</ownerDesignName>
<importedID>AD557843-30BB-7C8D-1D08-75DE2817FB22</importedID>
<allowColumnReorder>false</allowColumnReorder>
<existDependencyGenerateInDDl>true</existDependencyGenerateInDDl>
<parsed>true</parsed>
<columns itemClass="oracle.dbtools.crest.model.design.relational.Column">
<Column name="Id" id="61716BCC-CB08-B422-A131-C588D2AB270D">
<createdBy>matpi</createdBy>
<createdTime>2023-10-20 00:22:43 UTC</createdTime>
<generatorID>2F526B21-45A2-422B-8E02-73FBA0729690</generatorID>
<ownerDesignName>ML_Syncfy</ownerDesignName>
<importedID>53C0A494-543E-A2A2-135F-02E05EC76456</importedID>
<useDomainConstraints>false</useDomainConstraints>
<use>1</use>
<logicalDatatype>LOGDT019</logicalDatatype>
<ownDataTypeParameters>,,</ownDataTypeParameters>
<autoIncrementCycle>false</autoIncrementCycle>
</Column>
<Column name="Segment" id="D0B12544-BEA7-154F-8BC0-23A3B3904A40">
<createdBy>matpi</createdBy>
<createdTime>2023-10-20 00:22:43 UTC</createdTime>
<generatorID>4C7F8591-B108-FA81-108C-F055ED514EDA</generatorID>
<ownerDesignName>ML_Syncfy</ownerDesignName>
<importedID>44EF6A59-F59C-5AD9-4082-221558406DDB</importedID>
<nullsAllowed>true</nullsAllowed>
<useDomainConstraints>false</useDomainConstraints>
<use>1</use>
<logicalDatatype>LOGDT024</logicalDatatype>
<dataTypeSize>20</dataTypeSize>
<ownDataTypeParameters>20,,</ownDataTypeParameters>
<autoIncrementCycle>false</autoIncrementCycle>
</Column>
<Column name="Material_Id" id="CBE78DEE-E1E3-BDE1-4DFE-5883F9DCD410">
<createdBy>matpi</createdBy>
<createdTime>2023-10-20 00:22:43 UTC</createdTime>
<generatorID>3CEAF1CD-F093-4047-1BB5-53AAABF536D1</generatorID>
<ownerDesignName>ML_Syncfy</ownerDesignName>
<importedID>232EF65E-FB85-D120-B221-71F7FBE24D9C</importedID>
<useDomainConstraints>false</useDomainConstraints>
<use>1</use>
<logicalDatatype>LOGDT019</logicalDatatype>
<ownDataTypeParameters>,,</ownDataTypeParameters>
<autoIncrementCycle>false</autoIncrementCycle>
<associations>
<colAssociation fkAssociation="D09456EA-94FF-EE4C-E718-52385B15E9A4" referredColumn="63282EC2-2953-0EA0-8770-228F23E9A1DB"/>
</associations>
</Column>
<Column name="Material_Product_Code" id="FADFBE4A-3745-19C4-93AC-C6C3EA4ED8E9">
<createdBy>matpi</createdBy>
<createdTime>2023-10-20 00:22:43 UTC</createdTime>
<generatorID>6F909C9F-622C-07BA-A54B-76AB66DBE75B</generatorID>
<ownerDesignName>ML_Syncfy</ownerDesignName>
<importedID>D6A2B47F-6800-ACEA-556B-2046A0FD8EB9</importedID>
<useDomainConstraints>false</useDomainConstraints>
<use>1</use>
<logicalDatatype>LOGDT025</logicalDatatype>
<dataTypeSize>11</dataTypeSize>
<ownDataTypeParameters>,,</ownDataTypeParameters>
<autoIncrementCycle>false</autoIncrementCycle>
<associations>
<colAssociation fkAssociation="D09456EA-94FF-EE4C-E718-52385B15E9A4" referredColumn="CBE1CE0E-42D5-DB12-4038-0A976A1A6A5E"/>
</associations>
</Column>
<Column name="Vendor_Id" id="04D71845-2F00-72D6-61DC-DC39FAA2DB3E">
<createdBy>matpi</createdBy>
<createdTime>2023-10-20 00:22:43 UTC</createdTime>
<generatorID>2D5FBDCE-F282-6224-7B1E-5B1E5A36914A</generatorID>
<ownerDesignName>ML_Syncfy</ownerDesignName>
<importedID>C96CAAC7-84DA-33C6-64E3-347E83BDAF40</importedID>
<useDomainConstraints>false</useDomainConstraints>
<use>1</use>
<logicalDatatype>LOGDT019</logicalDatatype>
<ownDataTypeParameters>,,</ownDataTypeParameters>
<autoIncrementCycle>false</autoIncrementCycle>
<associations>
<colAssociation fkAssociation="28AA313E-DC71-5D61-4B51-FF17F22678CF" referredColumn="66BCE3D6-D938-9909-4A22-EB31EC8958BA"/>
</associations>
</Column>
<Column name="Vendor_Cnpj" id="5E62A8F7-ADFF-105C-BD97-813EF57B2189">
<createdBy>matpi</createdBy>
<createdTime>2023-10-20 00:22:43 UTC</createdTime>
<generatorID>1DBD0D08-E3BF-DFE0-AAA0-1154E3C397F3</generatorID>
<ownerDesignName>ML_Syncfy</ownerDesignName>
<importedID>F92036ED-3E34-3FC7-EF1C-19ABE2C3BA49</importedID>
<useDomainConstraints>false</useDomainConstraints>
<use>1</use>
<logicalDatatype>LOGDT019</logicalDatatype>
<ownDataTypeParameters>,,</ownDataTypeParameters>
<autoIncrementCycle>false</autoIncrementCycle>
<associations>
<colAssociation fkAssociation="28AA313E-DC71-5D61-4B51-FF17F22678CF" referredColumn="4FB27733-D1BD-D3D6-96BD-944D2E776DCD"/>
</associations>
</Column>
</columns>
<indexes itemClass="oracle.dbtools.crest.model.design.relational.Index">
<ind_PK_UK id="A275FA7A-2340-4E1E-44A2-068010470B39" name="Segment_PK">
<createdBy>matpi</createdBy>
<createdTime>2023-10-20 00:22:43 UTC</createdTime>
<generatorID>21DC2928-0C76-B96A-4EF7-57EFBF999725</generatorID>
<ownerDesignName>ML_Syncfy</ownerDesignName>
<importedID>B2EF70D4-516F-6E2D-FF3F-7231DCF1C392</importedID>
<pk>true</pk>
<indexState>Primary Constraint</indexState>
<isSurrogateKey>false</isSurrogateKey>
<indexColumnUsage>
<colUsage columnID="61716BCC-CB08-B422-A131-C588D2AB270D"/>
</indexColumnUsage>
</ind_PK_UK>
<ind_PK_UK id="C7EA5A59-5D48-97E7-182D-B361ED00152F" name="Segment_Type__IDX">
<createdBy>matpi</createdBy>
<createdTime>2023-10-20 00:22:43 UTC</createdTime>
<ownerDesignName>ML_Syncfy</ownerDesignName>
<importedID>BEBE09F3-90BD-0565-4E19-0B5E57D1AE4B</importedID>
<indexState>Unique Plain Index</indexState>
<isSurrogateKey>false</isSurrogateKey>
<indexColumnUsage>
<colUsage columnID="CBE78DEE-E1E3-BDE1-4DFE-5883F9DCD410"/>
<colUsage columnID="FADFBE4A-3745-19C4-93AC-C6C3EA4ED8E9"/>
</indexColumnUsage>
</ind_PK_UK>
<ind_PK_UK id="CE49F2DC-0712-DD67-B139-AD395A386A80" name="Segment_Type_Material_FK">
<createdBy>matpi</createdBy>
<createdTime>2023-10-20 00:22:43 UTC</createdTime>
<generatorID>F9DF91B9-7303-ACEA-A98A-A7138934390A</generatorID>
<ownerDesignName>ML_Syncfy</ownerDesignName>
<indexState>Foreign Key</indexState>
<isSurrogateKey>false</isSurrogateKey>
<indexColumnUsage>
<colUsage columnID="CBE78DEE-E1E3-BDE1-4DFE-5883F9DCD410"/>
<colUsage columnID="FADFBE4A-3745-19C4-93AC-C6C3EA4ED8E9"/>
</indexColumnUsage>
</ind_PK_UK>
<ind_PK_UK id="92D7693E-951C-BC1D-19C7-52AB7B82177F" name="Segment_Vendor_FK">
<createdBy>matpi</createdBy>
<createdTime>2023-10-20 00:22:43 UTC</createdTime>
<generatorID>08459320-8AE6-D057-CED1-3B2F41AFAD8F</generatorID>
<ownerDesignName>ML_Syncfy</ownerDesignName>
<indexState>Foreign Key</indexState>
<isSurrogateKey>false</isSurrogateKey>
<indexColumnUsage>
<colUsage columnID="04D71845-2F00-72D6-61DC-DC39FAA2DB3E"/>
<colUsage columnID="5E62A8F7-ADFF-105C-BD97-813EF57B2189"/>
</indexColumnUsage>
</ind_PK_UK>
</indexes>
</Table>
