<?xml version = '1.0' encoding = 'UTF-8'?>
<Table class="oracle.dbtools.crest.model.design.relational.Table" directorySegmentName="seg_0" id="AD01CA13-EF1A-F062-99B0-8968189E48DC" name="UF">
<createdBy>user</createdBy>
<createdTime>2023-10-20 14:20:11 UTC</createdTime>
<generatorID>79C1FBA5-E4B4-B2BF-66B3-B2350DE2D2D4</generatorID>
<ownerDesignName>ML_Syncfy</ownerDesignName>
<allowColumnReorder>false</allowColumnReorder>
<existDependencyGenerateInDDl>true</existDependencyGenerateInDDl>
<parsed>true</parsed>
<columns itemClass="oracle.dbtools.crest.model.design.relational.Column">
<Column name="Id" id="8B916AC3-25D2-7F5D-4699-5F6582DA8348">
<createdBy>user</createdBy>
<createdTime>2023-10-20 14:20:11 UTC</createdTime>
<generatorID>453E1349-17F3-A450-D0C8-2DF58B218132</generatorID>
<ownerDesignName>ML_Syncfy</ownerDesignName>
<useDomainConstraints>false</useDomainConstraints>
<use>1</use>
<logicalDatatype>LOGDT019</logicalDatatype>
<ownDataTypeParameters>,,</ownDataTypeParameters>
<autoIncrementCycle>false</autoIncrementCycle>
</Column>
<Column name="Uf" id="345196BB-B25E-6314-02DD-72558F8694C3">
<createdBy>user</createdBy>
<createdTime>2023-10-20 14:20:11 UTC</createdTime>
<generatorID>5FEEEDB8-8731-06CA-CC65-51CC73DD8280</generatorID>
<ownerDesignName>ML_Syncfy</ownerDesignName>
<useDomainConstraints>false</useDomainConstraints>
<use>1</use>
<logicalDatatype>LOGDT025</logicalDatatype>
<dataTypeSize>2</dataTypeSize>
<ownDataTypeParameters>2,,</ownDataTypeParameters>
<autoIncrementCycle>false</autoIncrementCycle>
</Column>
<Column name="Address_Id" id="7835A6E8-C991-91CF-D4A7-7DC6979F2E9C">
<createdBy>user</createdBy>
<createdTime>2023-10-20 14:20:11 UTC</createdTime>
<generatorID>3CCA0F3B-3647-10CF-A753-A60A2FAB3F0F</generatorID>
<ownerDesignName>ML_Syncfy</ownerDesignName>
<useDomainConstraints>false</useDomainConstraints>
<use>1</use>
<logicalDatatype>LOGDT019</logicalDatatype>
<ownDataTypeParameters>,,</ownDataTypeParameters>
<previousColumn>false</previousColumn>
<autoIncrementCycle>false</autoIncrementCycle>
<associations>
<colAssociation fkAssociation="DAA4F804-AC01-C4FB-BAAF-AE3D2FED42CD" referredColumn="C1F4A2FE-D29B-D4E1-05E0-74950D446893"/>
</associations>
</Column>
</columns>
<indexes itemClass="oracle.dbtools.crest.model.design.relational.Index">
<ind_PK_UK id="D3E4A937-4B33-9DF8-9388-50B1C66044ED" name="UF_PK">
<createdBy>user</createdBy>
<createdTime>2023-10-20 14:20:11 UTC</createdTime>
<generatorID>0784DEF3-804E-FCB8-C539-18BFF17ACBCF</generatorID>
<ownerDesignName>ML_Syncfy</ownerDesignName>
<pk>true</pk>
<indexState>Primary Constraint</indexState>
<isSurrogateKey>false</isSurrogateKey>
<indexColumnUsage>
<colUsage columnID="8B916AC3-25D2-7F5D-4699-5F6582DA8348"/>
</indexColumnUsage>
</ind_PK_UK>
<ind_PK_UK id="5CC6C0B5-17F6-8677-88B0-1ABC0310CDE8" name="UF__IDX">
<createdBy>user</createdBy>
<createdTime>2023-10-20 14:20:11 UTC</createdTime>
<ownerDesignName>ML_Syncfy</ownerDesignName>
<indexState>Unique Plain Index</indexState>
<isSurrogateKey>false</isSurrogateKey>
<relationGeneratorID>D14B7A9B-7BDE-ECC7-B789-21D87DC4180A</relationGeneratorID>
<indexColumnUsage>
<colUsage columnID="7835A6E8-C991-91CF-D4A7-7DC6979F2E9C"/>
</indexColumnUsage>
</ind_PK_UK>
<ind_PK_UK id="B29BE8FF-4C64-F2DC-4687-C2B299D747E9" name="UF_Address_FK">
<createdBy>user</createdBy>
<createdTime>2023-10-20 14:20:11 UTC</createdTime>
<generatorID>D14B7A9B-7BDE-ECC7-B789-21D87DC4180A</generatorID>
<ownerDesignName>ML_Syncfy</ownerDesignName>
<indexState>Foreign Key</indexState>
<isSurrogateKey>false</isSurrogateKey>
<indexColumnUsage>
<colUsage columnID="7835A6E8-C991-91CF-D4A7-7DC6979F2E9C"/>
</indexColumnUsage>
</ind_PK_UK>
</indexes>
</Table>