<?xml version = '1.0' encoding = 'UTF-8'?>
<Table class="oracle.dbtools.crest.model.design.relational.Table" directorySegmentName="seg_0" id="E621C96E-67B9-64E2-A8BC-F0444F0ECF01" name="City">
<createdBy>user</createdBy>
<createdTime>2023-10-20 14:20:11 UTC</createdTime>
<generatorID>77660684-C9DC-4C83-91E9-9E9B0E66BE06</generatorID>
<ownerDesignName>ML_Syncfy</ownerDesignName>
<allowColumnReorder>false</allowColumnReorder>
<existDependencyGenerateInDDl>true</existDependencyGenerateInDDl>
<parsed>true</parsed>
<columns itemClass="oracle.dbtools.crest.model.design.relational.Column">
<Column name="Id" id="5A04970E-3C96-2D6E-30AB-CEE2AC68188D">
<createdBy>user</createdBy>
<createdTime>2023-10-20 14:20:11 UTC</createdTime>
<generatorID>5C452E27-6566-8DA2-55E3-3FD7E19E9BD8</generatorID>
<ownerDesignName>ML_Syncfy</ownerDesignName>
<useDomainConstraints>false</useDomainConstraints>
<use>1</use>
<logicalDatatype>LOGDT019</logicalDatatype>
<ownDataTypeParameters>,,</ownDataTypeParameters>
<autoIncrementCycle>false</autoIncrementCycle>
</Column>
<Column name="City" id="BA38A775-D470-C498-6AAB-BBF807359ECD">
<createdBy>user</createdBy>
<createdTime>2023-10-20 14:20:11 UTC</createdTime>
<generatorID>844B54A6-1A0B-E945-CE80-2893DB9777F7</generatorID>
<ownerDesignName>ML_Syncfy</ownerDesignName>
<nullsAllowed>true</nullsAllowed>
<useDomainConstraints>false</useDomainConstraints>
<use>1</use>
<logicalDatatype>LOGDT024</logicalDatatype>
<dataTypeSize>20</dataTypeSize>
<ownDataTypeParameters>20,,</ownDataTypeParameters>
<autoIncrementCycle>false</autoIncrementCycle>
</Column>
<Column name="Address_Id" id="4ECF35DC-241D-F7D7-43C1-0F7CEF8BCECE">
<createdBy>user</createdBy>
<createdTime>2023-10-20 14:20:11 UTC</createdTime>
<generatorID>536E8B55-C20B-CC3F-3AE7-72E187D0AADD</generatorID>
<ownerDesignName>ML_Syncfy</ownerDesignName>
<useDomainConstraints>false</useDomainConstraints>
<use>1</use>
<logicalDatatype>LOGDT019</logicalDatatype>
<ownDataTypeParameters>,,</ownDataTypeParameters>
<previousColumn>false</previousColumn>
<autoIncrementCycle>false</autoIncrementCycle>
<associations>
<colAssociation fkAssociation="28968D0F-B75C-0FFE-9AE3-CC9B15A7E4B7" referredColumn="C1F4A2FE-D29B-D4E1-05E0-74950D446893"/>
</associations>
</Column>
</columns>
<indexes itemClass="oracle.dbtools.crest.model.design.relational.Index">
<ind_PK_UK id="F9225460-BC55-CC09-7874-17D37D5330C7" name="City_PK">
<createdBy>user</createdBy>
<createdTime>2023-10-20 14:20:11 UTC</createdTime>
<generatorID>03DFD3AE-5DAD-B82F-8A8D-BED4F07D0BD3</generatorID>
<ownerDesignName>ML_Syncfy</ownerDesignName>
<pk>true</pk>
<indexState>Primary Constraint</indexState>
<isSurrogateKey>false</isSurrogateKey>
<indexColumnUsage>
<colUsage columnID="5A04970E-3C96-2D6E-30AB-CEE2AC68188D"/>
</indexColumnUsage>
</ind_PK_UK>
<ind_PK_UK id="E48C6704-7F2B-4BCE-55E4-732521337D39" name="City__IDX">
<createdBy>user</createdBy>
<createdTime>2023-10-20 14:20:11 UTC</createdTime>
<ownerDesignName>ML_Syncfy</ownerDesignName>
<indexState>Unique Plain Index</indexState>
<isSurrogateKey>false</isSurrogateKey>
<relationGeneratorID>34FB19E0-FDFE-9DF6-F15E-F6C49BDEF197</relationGeneratorID>
<indexColumnUsage>
<colUsage columnID="4ECF35DC-241D-F7D7-43C1-0F7CEF8BCECE"/>
</indexColumnUsage>
</ind_PK_UK>
<ind_PK_UK id="06D404FF-A1F9-592C-AA98-4B7B05E46E2F" name="City_Address_FK">
<createdBy>user</createdBy>
<createdTime>2023-10-20 14:20:11 UTC</createdTime>
<generatorID>34FB19E0-FDFE-9DF6-F15E-F6C49BDEF197</generatorID>
<ownerDesignName>ML_Syncfy</ownerDesignName>
<indexState>Foreign Key</indexState>
<isSurrogateKey>false</isSurrogateKey>
<indexColumnUsage>
<colUsage columnID="4ECF35DC-241D-F7D7-43C1-0F7CEF8BCECE"/>
</indexColumnUsage>
</ind_PK_UK>
</indexes>
</Table>
