<?xml version = '1.0' encoding = 'UTF-8'?>
<Table class="oracle.dbtools.crest.model.design.relational.Table" directorySegmentName="seg_0" id="EBF90A92-1B68-4B95-9FF9-236DDE6AAD5C" name="Phone">
<createdBy>matpi</createdBy>
<createdTime>2023-10-20 00:22:43 UTC</createdTime>
<generatorID>6325E5D6-C222-92CF-4F8F-068509A64DFE</generatorID>
<ownerDesignName>ML_Syncfy</ownerDesignName>
<importedID>F2DB1A30-D990-B6F8-4E28-01FF2946B155</importedID>
<allowColumnReorder>false</allowColumnReorder>
<existDependencyGenerateInDDl>true</existDependencyGenerateInDDl>
<parsed>true</parsed>
<columns itemClass="oracle.dbtools.crest.model.design.relational.Column">
<Column name="Id" id="AEC239E7-CED9-4725-3D3A-4F40AA40A327">
<createdBy>matpi</createdBy>
<createdTime>2023-10-20 00:22:43 UTC</createdTime>
<generatorID>4779BC7E-F7F6-0319-A605-F4FE1844D152</generatorID>
<ownerDesignName>ML_Syncfy</ownerDesignName>
<importedID>827B6DCA-A95D-6898-EDF3-536CD9BB09CE</importedID>
<useDomainConstraints>false</useDomainConstraints>
<use>1</use>
<logicalDatatype>LOGDT019</logicalDatatype>
<ownDataTypeParameters>,,</ownDataTypeParameters>
<autoIncrementCycle>false</autoIncrementCycle>
</Column>
<Column name="Ddd" id="24DEA935-CE31-2A78-56F6-C2FA99B95B60">
<createdBy>matpi</createdBy>
<createdTime>2023-10-20 00:22:43 UTC</createdTime>
<generatorID>F4D2D6E1-31E5-E529-6021-6AC498817CDD</generatorID>
<ownerDesignName>ML_Syncfy</ownerDesignName>
<importedID>2A184CA3-C8D2-2ADB-094E-DCFA6B49C29B</importedID>
<nullsAllowed>true</nullsAllowed>
<useDomainConstraints>false</useDomainConstraints>
<use>1</use>
<logicalDatatype>LOGDT025</logicalDatatype>
<dataTypeSize>2</dataTypeSize>
<ownDataTypeParameters>2,,</ownDataTypeParameters>
<autoIncrementCycle>false</autoIncrementCycle>
</Column>
<Column name="Number" id="130BE98E-5646-6727-8F4B-1549835F46A9">
<createdBy>matpi</createdBy>
<createdTime>2023-10-20 00:22:43 UTC</createdTime>
<generatorID>88AD380A-450D-7630-C1D7-A301DF96EF29</generatorID>
<ownerDesignName>ML_Syncfy</ownerDesignName>
<importedID>A3FE9744-5736-1038-6285-1A405B78DCEA</importedID>
<nullsAllowed>true</nullsAllowed>
<useDomainConstraints>false</useDomainConstraints>
<use>1</use>
<logicalDatatype>LOGDT025</logicalDatatype>
<dataTypeSize>9</dataTypeSize>
<ownDataTypeParameters>9,,</ownDataTypeParameters>
<autoIncrementCycle>false</autoIncrementCycle>
</Column>
<Column name="Company_User_Id" id="5BC1360B-BC56-6807-46EB-495D0F1885B5">
<createdBy>matpi</createdBy>
<createdTime>2023-10-20 00:22:43 UTC</createdTime>
<generatorID>B1406E52-F11B-8DC2-F2FA-730A13C5C11F</generatorID>
<ownerDesignName>ML_Syncfy</ownerDesignName>
<importedID>EDB10E45-4437-8131-0F79-B6394F95B6B3</importedID>
<useDomainConstraints>false</useDomainConstraints>
<use>1</use>
<logicalDatatype>LOGDT019</logicalDatatype>
<ownDataTypeParameters>,,</ownDataTypeParameters>
<autoIncrementCycle>false</autoIncrementCycle>
<associations>
<colAssociation fkAssociation="EF2220AA-ECAC-89A3-EA9C-301E9A7250C0" referredColumn="F8F5BCA4-1477-C609-F23C-FECDCEAD8E14"/>
</associations>
</Column>
<Column name="Company_User_Cnpj" id="5651ADC5-1A84-B39E-2D62-1AABFACDB913">
<createdBy>matpi</createdBy>
<createdTime>2023-10-20 00:22:43 UTC</createdTime>
<generatorID>1E5FFADD-99FF-838A-399B-C67DE9B25BA7</generatorID>
<ownerDesignName>ML_Syncfy</ownerDesignName>
<importedID>3434A001-8220-540A-071D-6A2007AE59B0</importedID>
<useDomainConstraints>false</useDomainConstraints>
<use>1</use>
<logicalDatatype>LOGDT025</logicalDatatype>
<dataTypeSize>14</dataTypeSize>
<ownDataTypeParameters>14,,</ownDataTypeParameters>
<autoIncrementCycle>false</autoIncrementCycle>
<associations>
<colAssociation fkAssociation="EF2220AA-ECAC-89A3-EA9C-301E9A7250C0" referredColumn="48A59D12-FC47-27DD-8978-BD32ACE1FA2F"/>
</associations>
</Column>
<Column name="Vendor_Id" id="7B9B7FD3-2F90-6010-B128-B4DEB103E884">
<createdBy>matpi</createdBy>
<createdTime>2023-10-20 00:22:43 UTC</createdTime>
<generatorID>7AE624EF-F923-92DF-4BFD-3712E431E313</generatorID>
<ownerDesignName>ML_Syncfy</ownerDesignName>
<importedID>B384C957-A9DC-39B0-EDB6-9C0A7E5FA96E</importedID>
<useDomainConstraints>false</useDomainConstraints>
<use>1</use>
<logicalDatatype>LOGDT019</logicalDatatype>
<ownDataTypeParameters>,,</ownDataTypeParameters>
<autoIncrementCycle>false</autoIncrementCycle>
<associations>
<colAssociation fkAssociation="D5A7A461-1EA3-041C-E75E-76E33BD07B09" referredColumn="66BCE3D6-D938-9909-4A22-EB31EC8958BA"/>
</associations>
</Column>
<Column name="Vendor_Cnpj" id="26A30DD7-8708-BD97-038A-340B0805654B">
<createdBy>matpi</createdBy>
<createdTime>2023-10-20 00:22:43 UTC</createdTime>
<generatorID>9D17EA16-9586-692B-F6F1-A546900A6ABB</generatorID>
<ownerDesignName>ML_Syncfy</ownerDesignName>
<importedID>5FB4E9D3-0E7B-BF6B-BDF1-C2A46889F68F</importedID>
<useDomainConstraints>false</useDomainConstraints>
<use>1</use>
<logicalDatatype>LOGDT019</logicalDatatype>
<ownDataTypeParameters>,,</ownDataTypeParameters>
<autoIncrementCycle>false</autoIncrementCycle>
<associations>
<colAssociation fkAssociation="D5A7A461-1EA3-041C-E75E-76E33BD07B09" referredColumn="4FB27733-D1BD-D3D6-96BD-944D2E776DCD"/>
</associations>
</Column>
<Column name="Ddd_Id" id="D01B191A-6EFE-5A13-DC16-F1D64EFDAA35">
<createdBy>user</createdBy>
<createdTime>2023-10-20 18:40:28 UTC</createdTime>
<generatorID>C9EF6CF4-7638-2C6E-7DF6-830503F79CC7</generatorID>
<ownerDesignName>ML_Syncfy</ownerDesignName>
<useDomainConstraints>false</useDomainConstraints>
<use>1</use>
<logicalDatatype>LOGDT019</logicalDatatype>
<ownDataTypeParameters>,,</ownDataTypeParameters>
<previousColumn>false</previousColumn>
<autoIncrementCycle>false</autoIncrementCycle>
<associations>
<colAssociation fkAssociation="E397D006-C6F8-EE8D-81F7-9FEB39C59321" referredColumn="77DF0FF6-3B20-E884-32B1-4FFFC9F12B77"/>
</associations>
</Column>
</columns>
<indexes itemClass="oracle.dbtools.crest.model.design.relational.Index">
<ind_PK_UK id="74F71FFC-72C6-78CF-F824-6F895677C9AD" name="Phone_PK">
<createdBy>matpi</createdBy>
<createdTime>2023-10-20 00:22:43 UTC</createdTime>
<generatorID>94B0980E-977F-DC7D-7BC6-BC4A6C620646</generatorID>
<ownerDesignName>ML_Syncfy</ownerDesignName>
<importedID>326F3925-5C0B-147E-24D2-0943FE82E468</importedID>
<pk>true</pk>
<indexState>Primary Constraint</indexState>
<isSurrogateKey>false</isSurrogateKey>
<indexColumnUsage>
<colUsage columnID="AEC239E7-CED9-4725-3D3A-4F40AA40A327"/>
</indexColumnUsage>
</ind_PK_UK>
<ind_PK_UK id="A458DD61-1D1F-99E3-EC5F-8E6448440879" name="Phone_Vendor_FK">
<createdBy>matpi</createdBy>
<createdTime>2023-10-20 00:22:43 UTC</createdTime>
<generatorID>67A5AF7B-8A0E-4EDB-1C14-C696491DEED6</generatorID>
<ownerDesignName>ML_Syncfy</ownerDesignName>
<indexState>Foreign Key</indexState>
<isSurrogateKey>false</isSurrogateKey>
<indexColumnUsage>
<colUsage columnID="7B9B7FD3-2F90-6010-B128-B4DEB103E884"/>
<colUsage columnID="26A30DD7-8708-BD97-038A-340B0805654B"/>
</indexColumnUsage>
</ind_PK_UK>
<ind_PK_UK id="2B7B2EAD-105F-303E-B322-E5D50242CB8F" name="Phone_Company_User_FK">
<createdBy>matpi</createdBy>
<createdTime>2023-10-20 00:22:43 UTC</createdTime>
<generatorID>3F30ABCB-40AD-9914-79A8-D5A398AAE960</generatorID>
<ownerDesignName>ML_Syncfy</ownerDesignName>
<indexState>Foreign Key</indexState>
<isSurrogateKey>false</isSurrogateKey>
<indexColumnUsage>
<colUsage columnID="5BC1360B-BC56-6807-46EB-495D0F1885B5"/>
<colUsage columnID="5651ADC5-1A84-B39E-2D62-1AABFACDB913"/>
</indexColumnUsage>
</ind_PK_UK>
<ind_PK_UK id="991042E2-D56D-159E-05FF-CD8E5345ED45" name="Phone_Ddd_FK">
<createdBy>user</createdBy>
<createdTime>2023-10-20 18:40:28 UTC</createdTime>
<generatorID>2B36008C-9192-8D21-D1AB-718AABF273D1</generatorID>
<ownerDesignName>ML_Syncfy</ownerDesignName>
<indexState>Foreign Key</indexState>
<isSurrogateKey>false</isSurrogateKey>
<indexColumnUsage>
<colUsage columnID="D01B191A-6EFE-5A13-DC16-F1D64EFDAA35"/>
</indexColumnUsage>
</ind_PK_UK>
</indexes>
</Table>