<?xml version = '1.0' encoding = 'UTF-8'?>
<Table class="oracle.dbtools.crest.model.design.relational.Table" directorySegmentName="seg_0" id="0575D4B2-9020-A4FA-C831-784888CDED43" name="UF">
<createdBy>matpi</createdBy>
<createdTime>2023-10-20 01:44:15 UTC</createdTime>
<generatorID>79C1FBA5-E4B4-B2BF-66B3-B2350DE2D2D4</generatorID>
<ownerDesignName>ML_Syncfy</ownerDesignName>
<allowColumnReorder>false</allowColumnReorder>
<existDependencyGenerateInDDl>true</existDependencyGenerateInDDl>
<parsed>true</parsed>
<columns itemClass="oracle.dbtools.crest.model.design.relational.Column">
<Column name="Id" id="3D092847-2983-B8DE-B65D-EEA76E19823C">
<createdBy>matpi</createdBy>
<createdTime>2023-10-20 01:44:15 UTC</createdTime>
<generatorID>453E1349-17F3-A450-D0C8-2DF58B218132</generatorID>
<ownerDesignName>ML_Syncfy</ownerDesignName>
<useDomainConstraints>false</useDomainConstraints>
<use>1</use>
<logicalDatatype>LOGDT019</logicalDatatype>
<ownDataTypeParameters>,,</ownDataTypeParameters>
<autoIncrementCycle>false</autoIncrementCycle>
</Column>
<Column name="Uf" id="62F03130-E27A-7A93-47AF-C871958B4948">
<createdBy>matpi</createdBy>
<createdTime>2023-10-20 01:44:15 UTC</createdTime>
<generatorID>5FEEEDB8-8731-06CA-CC65-51CC73DD8280</generatorID>
<ownerDesignName>ML_Syncfy</ownerDesignName>
<useDomainConstraints>false</useDomainConstraints>
<use>1</use>
<logicalDatatype>LOGDT025</logicalDatatype>
<dataTypeSize>2</dataTypeSize>
<ownDataTypeParameters>2,,</ownDataTypeParameters>
<autoIncrementCycle>false</autoIncrementCycle>
</Column>
<Column name="Address_Id" id="976AADAD-009A-DB70-D661-5EAF8C12D786">
<createdBy>matpi</createdBy>
<createdTime>2023-10-20 01:44:15 UTC</createdTime>
<generatorID>3CCA0F3B-3647-10CF-A753-A60A2FAB3F0F</generatorID>
<ownerDesignName>ML_Syncfy</ownerDesignName>
<useDomainConstraints>false</useDomainConstraints>
<use>1</use>
<logicalDatatype>LOGDT019</logicalDatatype>
<ownDataTypeParameters>,,</ownDataTypeParameters>
<previousColumn>false</previousColumn>
<autoIncrementCycle>false</autoIncrementCycle>
<associations>
<colAssociation fkAssociation="247AAADF-25A8-ACB8-E89B-84FAAAD878DF" referredColumn="1B347787-AD85-E9D3-BDAE-A7739CC14107"/>
</associations>
</Column>
</columns>
<indexes itemClass="oracle.dbtools.crest.model.design.relational.Index">
<ind_PK_UK id="E748ADAD-C5CD-FA16-29D0-0C34CDBF879C" name="UF_PK">
<createdBy>matpi</createdBy>
<createdTime>2023-10-20 01:44:15 UTC</createdTime>
<generatorID>0784DEF3-804E-FCB8-C539-18BFF17ACBCF</generatorID>
<ownerDesignName>ML_Syncfy</ownerDesignName>
<pk>true</pk>
<indexState>Primary Constraint</indexState>
<isSurrogateKey>false</isSurrogateKey>
<indexColumnUsage>
<colUsage columnID="3D092847-2983-B8DE-B65D-EEA76E19823C"/>
</indexColumnUsage>
</ind_PK_UK>
<ind_PK_UK id="EDCE1B82-5D01-CB35-2D59-44A30487BD83" name="UF__IDX">
<createdBy>matpi</createdBy>
<createdTime>2023-10-20 01:44:15 UTC</createdTime>
<ownerDesignName>ML_Syncfy</ownerDesignName>
<indexState>Unique Plain Index</indexState>
<isSurrogateKey>false</isSurrogateKey>
<relationGeneratorID>D14B7A9B-7BDE-ECC7-B789-21D87DC4180A</relationGeneratorID>
<indexColumnUsage>
<colUsage columnID="976AADAD-009A-DB70-D661-5EAF8C12D786"/>
</indexColumnUsage>
</ind_PK_UK>
<ind_PK_UK id="360D9369-22D1-A7AE-C209-92E52E8732D0" name="UF_Address_FK">
<createdBy>matpi</createdBy>
<createdTime>2023-10-20 01:44:15 UTC</createdTime>
<generatorID>D14B7A9B-7BDE-ECC7-B789-21D87DC4180A</generatorID>
<ownerDesignName>ML_Syncfy</ownerDesignName>
<indexState>Foreign Key</indexState>
<isSurrogateKey>false</isSurrogateKey>
<indexColumnUsage>
<colUsage columnID="976AADAD-009A-DB70-D661-5EAF8C12D786"/>
</indexColumnUsage>
</ind_PK_UK>
</indexes>
</Table>