<?xml version = '1.0' encoding = 'UTF-8'?>
<Table class="oracle.dbtools.crest.model.design.relational.Table" directorySegmentName="seg_0" id="4F33C7D2-A9D6-F8F0-FE9E-B9B34734E1B3" name="MaterialOrder">
<createdBy>matpi</createdBy>
<createdTime>2023-10-20 01:44:15 UTC</createdTime>
<generatorID>FDCA0ED2-A849-053D-1F0D-4E790A287C12</generatorID>
<ownerDesignName>ML_Syncfy</ownerDesignName>
<allowColumnReorder>false</allowColumnReorder>
<existDependencyGenerateInDDl>true</existDependencyGenerateInDDl>
<parsed>true</parsed>
<columns itemClass="oracle.dbtools.crest.model.design.relational.Column">
<Column name="Quantity" id="FA70DCAC-F906-6852-29C9-A68DC89A7642">
<createdBy>matpi</createdBy>
<createdTime>2023-10-20 01:44:15 UTC</createdTime>
<generatorID>FABFC37D-7545-3580-4AB0-7AA7AFEB17ED</generatorID>
<ownerDesignName>ML_Syncfy</ownerDesignName>
<nullsAllowed>true</nullsAllowed>
<useDomainConstraints>false</useDomainConstraints>
<use>1</use>
<logicalDatatype>LOGDT019</logicalDatatype>
<ownDataTypeParameters>,,</ownDataTypeParameters>
<autoIncrementCycle>false</autoIncrementCycle>
</Column>
<Column name="Order_Id" id="73C76C7B-7EBC-74B2-AC6D-00C158E1B861">
<createdBy>matpi</createdBy>
<createdTime>2023-10-20 01:44:15 UTC</createdTime>
<generatorID>AA632B61-F257-A61E-1C29-DF9C497D85D5</generatorID>
<ownerDesignName>ML_Syncfy</ownerDesignName>
<useDomainConstraints>false</useDomainConstraints>
<use>1</use>
<logicalDatatype>LOGDT019</logicalDatatype>
<ownDataTypeParameters>,,</ownDataTypeParameters>
<previousColumn>false</previousColumn>
<autoIncrementCycle>false</autoIncrementCycle>
<associations>
<colAssociation fkAssociation="129B1801-9E7A-8E52-7E53-017B3C049651" referredColumn="FF5D3326-CC98-D8DF-D128-762D27011DA9"/>
</associations>
</Column>
<Column name="MaterialOrder_ID" id="B8F6BEB7-A129-9C67-E104-430981783AA4">
<createdBy>matpi</createdBy>
<createdTime>2023-10-20 01:44:15 UTC</createdTime>
<ownerDesignName>ML_Syncfy</ownerDesignName>
<useDomainConstraints>false</useDomainConstraints>
<use>1</use>
<logicalDatatype>LOGDT019</logicalDatatype>
<ownDataTypeParameters>,,</ownDataTypeParameters>
<autoIncrementColumn>true</autoIncrementColumn>
<identityColumn>true</identityColumn>
<autoIncrementCycle>false</autoIncrementCycle>
<isSurrogateColumn>true</isSurrogateColumn>
</Column>
</columns>
<indexes itemClass="oracle.dbtools.crest.model.design.relational.Index">
<ind_PK_UK id="412A0A0A-E0FC-EFCF-0E5D-F863D9B3D8A1" name="MaterialOrder_PK">
<createdBy>matpi</createdBy>
<createdTime>2023-10-20 01:44:15 UTC</createdTime>
<ownerDesignName>ML_Syncfy</ownerDesignName>
<pk>true</pk>
<indexState>Primary Constraint</indexState>
<indexColumnUsage>
<colUsage columnID="B8F6BEB7-A129-9C67-E104-430981783AA4"/>
</indexColumnUsage>
</ind_PK_UK>
<ind_PK_UK id="A6B09ABB-B5A7-7142-071F-644F7997EB4C" name="MaterialOrder__IDX">
<createdBy>matpi</createdBy>
<createdTime>2023-10-20 01:44:15 UTC</createdTime>
<ownerDesignName>ML_Syncfy</ownerDesignName>
<indexState>Unique Plain Index</indexState>
<isSurrogateKey>false</isSurrogateKey>
<relationGeneratorID>A9CD9CB4-0D5E-27ED-CF7B-21FAB11CE267</relationGeneratorID>
<indexColumnUsage>
<colUsage columnID="73C76C7B-7EBC-74B2-AC6D-00C158E1B861"/>
</indexColumnUsage>
</ind_PK_UK>
<ind_PK_UK id="45981D71-E0F2-B2DB-0B9A-61D7DD436B1E" name="MaterialOrder_Order_FK">
<createdBy>matpi</createdBy>
<createdTime>2023-10-20 01:44:15 UTC</createdTime>
<generatorID>A9CD9CB4-0D5E-27ED-CF7B-21FAB11CE267</generatorID>
<ownerDesignName>ML_Syncfy</ownerDesignName>
<indexState>Foreign Key</indexState>
<isSurrogateKey>false</isSurrogateKey>
<indexColumnUsage>
<colUsage columnID="73C76C7B-7EBC-74B2-AC6D-00C158E1B861"/>
</indexColumnUsage>
</ind_PK_UK>
</indexes>
</Table>