<?xml version = '1.0' encoding = 'UTF-8'?>
<Table class="oracle.dbtools.crest.model.design.relational.Table" directorySegmentName="seg_0" id="6FABA450-54FD-8C3D-C7B3-2D57A033E9F7" name="Order">
<createdBy>matpi</createdBy>
<createdTime>2023-10-20 01:44:15 UTC</createdTime>
<generatorID>856B125B-8B8A-07FE-DC86-05A7E0F3CE89</generatorID>
<ownerDesignName>ML_Syncfy</ownerDesignName>
<allowColumnReorder>false</allowColumnReorder>
<existDependencyGenerateInDDl>true</existDependencyGenerateInDDl>
<parsed>true</parsed>
<columns itemClass="oracle.dbtools.crest.model.design.relational.Column">
<Column name="Id" id="FF5D3326-CC98-D8DF-D128-762D27011DA9">
<createdBy>matpi</createdBy>
<createdTime>2023-10-20 01:44:15 UTC</createdTime>
<generatorID>35EA8A44-B3B7-2088-5716-C6F8E15470EE</generatorID>
<ownerDesignName>ML_Syncfy</ownerDesignName>
<useDomainConstraints>false</useDomainConstraints>
<use>1</use>
<logicalDatatype>LOGDT019</logicalDatatype>
<ownDataTypeParameters>,,</ownDataTypeParameters>
<autoIncrementCycle>false</autoIncrementCycle>
</Column>
<Column name="Created_at" id="D091023B-9A31-E201-21C4-2D3C3DEC2F30">
<createdBy>matpi</createdBy>
<createdTime>2023-10-20 01:44:15 UTC</createdTime>
<generatorID>DDE8BF29-E251-D20B-8E41-644B779B1B16</generatorID>
<ownerDesignName>ML_Syncfy</ownerDesignName>
<nullsAllowed>true</nullsAllowed>
<useDomainConstraints>false</useDomainConstraints>
<use>1</use>
<logicalDatatype>LOGDT024</logicalDatatype>
<ownDataTypeParameters>,,</ownDataTypeParameters>
<autoIncrementCycle>false</autoIncrementCycle>
</Column>
<Column name="Updated_at" id="E9CC313C-45BA-318A-80F3-861E05E092FF">
<createdBy>matpi</createdBy>
<createdTime>2023-10-20 01:44:15 UTC</createdTime>
<generatorID>CAA50F5E-1BF0-9D74-EA4E-CF8FC80422DE</generatorID>
<ownerDesignName>ML_Syncfy</ownerDesignName>
<nullsAllowed>true</nullsAllowed>
<useDomainConstraints>false</useDomainConstraints>
<use>1</use>
<logicalDatatype>LOGDT024</logicalDatatype>
<ownDataTypeParameters>,,</ownDataTypeParameters>
<autoIncrementCycle>false</autoIncrementCycle>
</Column>
<Column name="Total_Amount" id="1C28CB14-2D72-876B-0969-17E25F083C3B">
<createdBy>matpi</createdBy>
<createdTime>2023-10-20 01:44:15 UTC</createdTime>
<generatorID>480C7330-8994-D526-53A3-AE589092BFFA</generatorID>
<ownerDesignName>ML_Syncfy</ownerDesignName>
<nullsAllowed>true</nullsAllowed>
<useDomainConstraints>false</useDomainConstraints>
<use>1</use>
<logicalDatatype>LOGDT026</logicalDatatype>
<ownDataTypeParameters>,,</ownDataTypeParameters>
<autoIncrementCycle>false</autoIncrementCycle>
</Column>
<Column name="Delivery_Date" id="54175D49-F300-F235-02B5-F6ECD5AC10A3">
<createdBy>matpi</createdBy>
<createdTime>2023-10-20 01:44:15 UTC</createdTime>
<generatorID>0A4B40AC-BC03-2425-D7FC-7A035A42E777</generatorID>
<ownerDesignName>ML_Syncfy</ownerDesignName>
<nullsAllowed>true</nullsAllowed>
<useDomainConstraints>false</useDomainConstraints>
<use>1</use>
<logicalDatatype>LOGDT024</logicalDatatype>
<ownDataTypeParameters>,,</ownDataTypeParameters>
<autoIncrementCycle>false</autoIncrementCycle>
</Column>
<Column name="Order_Number" id="FEE4EC4D-AAC4-9A09-F07B-A3066EA131F5">
<createdBy>matpi</createdBy>
<createdTime>2023-10-20 01:44:15 UTC</createdTime>
<generatorID>E37AD668-6372-CEDC-588B-66F3608B432C</generatorID>
<ownerDesignName>ML_Syncfy</ownerDesignName>
<nullsAllowed>true</nullsAllowed>
<useDomainConstraints>false</useDomainConstraints>
<use>1</use>
<logicalDatatype>LOGDT019</logicalDatatype>
<ownDataTypeParameters>,,</ownDataTypeParameters>
<autoIncrementCycle>false</autoIncrementCycle>
</Column>
<Column name="Description" id="666A0FE3-9718-E3E0-9582-2F1EB94E0F38">
<createdBy>matpi</createdBy>
<createdTime>2023-10-20 01:44:15 UTC</createdTime>
<generatorID>D05B8161-B2DB-9CFE-E8B0-76DC04FE8371</generatorID>
<ownerDesignName>ML_Syncfy</ownerDesignName>
<nullsAllowed>true</nullsAllowed>
<useDomainConstraints>false</useDomainConstraints>
<use>1</use>
<logicalDatatype>LOGDT024</logicalDatatype>
<dataTypeSize>250</dataTypeSize>
<ownDataTypeParameters>250,,</ownDataTypeParameters>
<autoIncrementCycle>false</autoIncrementCycle>
</Column>
<Column name="Vendor_Id" id="7DD4E446-6A1F-FAF7-270A-FE757018F33B">
<createdBy>matpi</createdBy>
<createdTime>2023-10-20 01:44:15 UTC</createdTime>
<generatorID>5AA03CD0-3863-5F6D-C2DB-6970FD4745F9</generatorID>
<ownerDesignName>ML_Syncfy</ownerDesignName>
<useDomainConstraints>false</useDomainConstraints>
<use>1</use>
<logicalDatatype>LOGDT019</logicalDatatype>
<ownDataTypeParameters>,,</ownDataTypeParameters>
<previousColumn>false</previousColumn>
<autoIncrementCycle>false</autoIncrementCycle>
<associations>
<colAssociation fkAssociation="26949B13-EDC7-A6B1-14E7-4720F50002C2" referredColumn="64752421-043D-8953-BEA0-445A5B190E45"/>
</associations>
</Column>
<Column name="Vendor_Cnpj" id="1392F33C-C976-578C-EF87-2961A17AC72A">
<createdBy>matpi</createdBy>
<createdTime>2023-10-20 01:44:15 UTC</createdTime>
<generatorID>303FFC15-6CDA-4509-D027-28C3A4860B56</generatorID>
<ownerDesignName>ML_Syncfy</ownerDesignName>
<useDomainConstraints>false</useDomainConstraints>
<use>1</use>
<logicalDatatype>LOGDT019</logicalDatatype>
<ownDataTypeParameters>,,</ownDataTypeParameters>
<previousColumn>false</previousColumn>
<autoIncrementCycle>false</autoIncrementCycle>
<associations>
<colAssociation fkAssociation="26949B13-EDC7-A6B1-14E7-4720F50002C2" referredColumn="ECA29EC2-25E8-1322-780A-E0883F3D351E"/>
</associations>
</Column>
<Column name="Company_User_Id" id="BBD17F89-1938-AF32-55AB-AB3B9730CC21">
<createdBy>matpi</createdBy>
<createdTime>2023-10-20 01:44:15 UTC</createdTime>
<generatorID>FEE9E49B-7D43-AF74-F505-0F0F77B61CE3</generatorID>
<ownerDesignName>ML_Syncfy</ownerDesignName>
<useDomainConstraints>false</useDomainConstraints>
<use>1</use>
<logicalDatatype>LOGDT019</logicalDatatype>
<ownDataTypeParameters>,,</ownDataTypeParameters>
<previousColumn>false</previousColumn>
<autoIncrementCycle>false</autoIncrementCycle>
<associations>
<colAssociation fkAssociation="6137B9CB-3B1A-2237-70AA-A181CB43B850" referredColumn="1CF523D7-14F4-DC26-8A43-3B2A2C8442EC"/>
</associations>
</Column>
<Column name="Company_User_Cnpj" id="D9E681DA-1EE2-BEA7-F984-E903466FA6A7">
<createdBy>matpi</createdBy>
<createdTime>2023-10-20 01:44:15 UTC</createdTime>
<generatorID>80FC1994-5D10-638C-DC32-D8D429D077F1</generatorID>
<ownerDesignName>ML_Syncfy</ownerDesignName>
<useDomainConstraints>false</useDomainConstraints>
<use>1</use>
<logicalDatatype>LOGDT025</logicalDatatype>
<dataTypeSize>14</dataTypeSize>
<ownDataTypeParameters>,,</ownDataTypeParameters>
<previousColumn>false</previousColumn>
<autoIncrementCycle>false</autoIncrementCycle>
<associations>
<colAssociation fkAssociation="6137B9CB-3B1A-2237-70AA-A181CB43B850" referredColumn="59951251-8E29-85FA-F9AA-DBEFD99D6F3A"/>
</associations>
</Column>
</columns>
<indexes itemClass="oracle.dbtools.crest.model.design.relational.Index">
<ind_PK_UK id="F8917CFF-114F-75D5-9034-0DCC0565C33A" name="Order_PK">
<createdBy>matpi</createdBy>
<createdTime>2023-10-20 01:44:15 UTC</createdTime>
<generatorID>1F66DF28-D12F-3204-0739-AD2061DA4E07</generatorID>
<ownerDesignName>ML_Syncfy</ownerDesignName>
<pk>true</pk>
<indexState>Primary Constraint</indexState>
<isSurrogateKey>false</isSurrogateKey>
<indexColumnUsage>
<colUsage columnID="FF5D3326-CC98-D8DF-D128-762D27011DA9"/>
</indexColumnUsage>
</ind_PK_UK>
<ind_PK_UK id="EC527ED0-ED68-6632-7DD7-6A5243599878" name="Order_Company_User_FK">
<createdBy>matpi</createdBy>
<createdTime>2023-10-20 01:44:15 UTC</createdTime>
<generatorID>0190CEB4-CFD9-3A1E-278B-2CD01AC11A87</generatorID>
<ownerDesignName>ML_Syncfy</ownerDesignName>
<indexState>Foreign Key</indexState>
<isSurrogateKey>false</isSurrogateKey>
<indexColumnUsage>
<colUsage columnID="BBD17F89-1938-AF32-55AB-AB3B9730CC21"/>
<colUsage columnID="D9E681DA-1EE2-BEA7-F984-E903466FA6A7"/>
</indexColumnUsage>
</ind_PK_UK>
<ind_PK_UK id="476944CA-E7E7-BA89-8E63-FE22555D0415" name="Order_Vendor_FK">
<createdBy>matpi</createdBy>
<createdTime>2023-10-20 01:44:15 UTC</createdTime>
<generatorID>A56D2F68-3E3D-9B23-8026-519A391AEEA5</generatorID>
<ownerDesignName>ML_Syncfy</ownerDesignName>
<indexState>Foreign Key</indexState>
<isSurrogateKey>false</isSurrogateKey>
<indexColumnUsage>
<colUsage columnID="7DD4E446-6A1F-FAF7-270A-FE757018F33B"/>
<colUsage columnID="1392F33C-C976-578C-EF87-2961A17AC72A"/>
</indexColumnUsage>
</ind_PK_UK>
</indexes>
</Table>