<?xml version = '1.0' encoding = 'UTF-8'?>
<Table class="oracle.dbtools.crest.model.design.relational.Table" directorySegmentName="seg_0" id="C37AF99F-0D2E-F6A7-B837-0BB617DCA243" name="Segment">
<createdBy>matpi</createdBy>
<createdTime>2023-10-20 01:44:15 UTC</createdTime>
<generatorID>6552A2E2-580C-223E-4F2C-D7599A9F123D</generatorID>
<ownerDesignName>ML_Syncfy</ownerDesignName>
<allowColumnReorder>false</allowColumnReorder>
<existDependencyGenerateInDDl>true</existDependencyGenerateInDDl>
<parsed>true</parsed>
<columns itemClass="oracle.dbtools.crest.model.design.relational.Column">
<Column name="Id" id="D479454B-6D12-AE20-AAB9-2A96C4AF5277">
<createdBy>matpi</createdBy>
<createdTime>2023-10-20 01:44:15 UTC</createdTime>
<generatorID>2F526B21-45A2-422B-8E02-73FBA0729690</generatorID>
<ownerDesignName>ML_Syncfy</ownerDesignName>
<useDomainConstraints>false</useDomainConstraints>
<use>1</use>
<logicalDatatype>LOGDT019</logicalDatatype>
<ownDataTypeParameters>,,</ownDataTypeParameters>
<autoIncrementCycle>false</autoIncrementCycle>
</Column>
<Column name="Segment" id="C283B4FF-E202-057D-9674-B0E180D21380">
<createdBy>matpi</createdBy>
<createdTime>2023-10-20 01:44:15 UTC</createdTime>
<generatorID>4C7F8591-B108-FA81-108C-F055ED514EDA</generatorID>
<ownerDesignName>ML_Syncfy</ownerDesignName>
<nullsAllowed>true</nullsAllowed>
<useDomainConstraints>false</useDomainConstraints>
<use>1</use>
<logicalDatatype>LOGDT024</logicalDatatype>
<dataTypeSize>20</dataTypeSize>
<ownDataTypeParameters>20,,</ownDataTypeParameters>
<autoIncrementCycle>false</autoIncrementCycle>
</Column>
<Column name="Vendor_Id" id="A8239B47-278A-353C-93AE-8F146EE429DA">
<createdBy>matpi</createdBy>
<createdTime>2023-10-20 01:44:15 UTC</createdTime>
<generatorID>2D5FBDCE-F282-6224-7B1E-5B1E5A36914A</generatorID>
<ownerDesignName>ML_Syncfy</ownerDesignName>
<useDomainConstraints>false</useDomainConstraints>
<use>1</use>
<logicalDatatype>LOGDT019</logicalDatatype>
<ownDataTypeParameters>,,</ownDataTypeParameters>
<previousColumn>false</previousColumn>
<autoIncrementCycle>false</autoIncrementCycle>
<associations>
<colAssociation fkAssociation="93F57802-5027-8A81-FF36-497AA418D09A" referredColumn="64752421-043D-8953-BEA0-445A5B190E45"/>
</associations>
</Column>
<Column name="Vendor_Cnpj" id="9C90863A-8750-DD8C-581D-F26321BBF7D7">
<createdBy>matpi</createdBy>
<createdTime>2023-10-20 01:44:15 UTC</createdTime>
<generatorID>1DBD0D08-E3BF-DFE0-AAA0-1154E3C397F3</generatorID>
<ownerDesignName>ML_Syncfy</ownerDesignName>
<useDomainConstraints>false</useDomainConstraints>
<use>1</use>
<logicalDatatype>LOGDT019</logicalDatatype>
<ownDataTypeParameters>,,</ownDataTypeParameters>
<previousColumn>false</previousColumn>
<autoIncrementCycle>false</autoIncrementCycle>
<associations>
<colAssociation fkAssociation="93F57802-5027-8A81-FF36-497AA418D09A" referredColumn="ECA29EC2-25E8-1322-780A-E0883F3D351E"/>
</associations>
</Column>
</columns>
<indexes itemClass="oracle.dbtools.crest.model.design.relational.Index">
<ind_PK_UK id="57D97F85-E923-0C1E-C471-FFD6D6A12AEE" name="Segment_PK">
<createdBy>matpi</createdBy>
<createdTime>2023-10-20 01:44:15 UTC</createdTime>
<generatorID>21DC2928-0C76-B96A-4EF7-57EFBF999725</generatorID>
<ownerDesignName>ML_Syncfy</ownerDesignName>
<pk>true</pk>
<indexState>Primary Constraint</indexState>
<isSurrogateKey>false</isSurrogateKey>
<indexColumnUsage>
<colUsage columnID="D479454B-6D12-AE20-AAB9-2A96C4AF5277"/>
</indexColumnUsage>
</ind_PK_UK>
<ind_PK_UK id="5DDEC813-453B-155C-4EA9-88141DEEA059" name="Segment_Vendor_FK">
<createdBy>matpi</createdBy>
<createdTime>2023-10-20 01:44:15 UTC</createdTime>
<generatorID>08459320-8AE6-D057-CED1-3B2F41AFAD8F</generatorID>
<ownerDesignName>ML_Syncfy</ownerDesignName>
<indexState>Foreign Key</indexState>
<isSurrogateKey>false</isSurrogateKey>
<indexColumnUsage>
<colUsage columnID="A8239B47-278A-353C-93AE-8F146EE429DA"/>
<colUsage columnID="9C90863A-8750-DD8C-581D-F26321BBF7D7"/>
</indexColumnUsage>
</ind_PK_UK>
</indexes>
</Table>