<?xml version = '1.0' encoding = 'UTF-8'?>
<Table class="oracle.dbtools.crest.model.design.relational.Table" directorySegmentName="seg_0" id="C9DA0D46-6936-F0C5-917F-757769CFA1B3" name="Vendor">
<createdBy>matpi</createdBy>
<createdTime>2023-10-20 01:44:15 UTC</createdTime>
<generatorID>8010552E-4B7C-3765-BCAB-2CCDC4E115DF</generatorID>
<ownerDesignName>ML_Syncfy</ownerDesignName>
<allowColumnReorder>false</allowColumnReorder>
<existDependencyGenerateInDDl>true</existDependencyGenerateInDDl>
<parsed>true</parsed>
<columns itemClass="oracle.dbtools.crest.model.design.relational.Column">
<Column name="Id" id="64752421-043D-8953-BEA0-445A5B190E45">
<createdBy>matpi</createdBy>
<createdTime>2023-10-20 01:44:15 UTC</createdTime>
<generatorID>D8428407-06B1-3F58-35D5-DCBA058DE69C</generatorID>
<ownerDesignName>ML_Syncfy</ownerDesignName>
<useDomainConstraints>false</useDomainConstraints>
<use>1</use>
<logicalDatatype>LOGDT019</logicalDatatype>
<ownDataTypeParameters>,,</ownDataTypeParameters>
<autoIncrementCycle>false</autoIncrementCycle>
</Column>
<Column name="Cnpj" id="ECA29EC2-25E8-1322-780A-E0883F3D351E">
<createdBy>matpi</createdBy>
<createdTime>2023-10-20 01:44:15 UTC</createdTime>
<generatorID>62E2B7B0-125A-7EA1-C5D8-FB5665BE5465</generatorID>
<ownerDesignName>ML_Syncfy</ownerDesignName>
<useDomainConstraints>false</useDomainConstraints>
<use>1</use>
<logicalDatatype>LOGDT019</logicalDatatype>
<ownDataTypeParameters>,,</ownDataTypeParameters>
<autoIncrementCycle>false</autoIncrementCycle>
</Column>
<Column name="Name" id="E5015B04-F340-5CA3-496D-C043B7AA3D79">
<createdBy>matpi</createdBy>
<createdTime>2023-10-20 01:44:15 UTC</createdTime>
<generatorID>67D5C2C6-316C-FA35-433C-1979E5A6C3BC</generatorID>
<ownerDesignName>ML_Syncfy</ownerDesignName>
<nullsAllowed>true</nullsAllowed>
<useDomainConstraints>false</useDomainConstraints>
<use>1</use>
<logicalDatatype>LOGDT024</logicalDatatype>
<dataTypeSize>50</dataTypeSize>
<ownDataTypeParameters>50,,</ownDataTypeParameters>
<autoIncrementCycle>false</autoIncrementCycle>
</Column>
<Column name="Email" id="D3069F16-FD1C-58B5-3605-00E2D92BAE3D">
<createdBy>matpi</createdBy>
<createdTime>2023-10-20 01:44:15 UTC</createdTime>
<generatorID>0EEF173D-5765-1304-02DD-79F16EBC2396</generatorID>
<ownerDesignName>ML_Syncfy</ownerDesignName>
<nullsAllowed>true</nullsAllowed>
<useDomainConstraints>false</useDomainConstraints>
<use>1</use>
<logicalDatatype>LOGDT024</logicalDatatype>
<dataTypeSize>150</dataTypeSize>
<ownDataTypeParameters>150,,</ownDataTypeParameters>
<autoIncrementCycle>false</autoIncrementCycle>
</Column>
</columns>
<indexes itemClass="oracle.dbtools.crest.model.design.relational.Index">
<ind_PK_UK id="5BEF8CB7-DA6A-12DF-C49E-E9B86E9F6DFD" name="Vendor_PK">
<createdBy>matpi</createdBy>
<createdTime>2023-10-20 01:44:15 UTC</createdTime>
<generatorID>8DC778C7-E83A-B89F-E8A9-DE1319CB3A53</generatorID>
<ownerDesignName>ML_Syncfy</ownerDesignName>
<pk>true</pk>
<indexState>Primary Constraint</indexState>
<isSurrogateKey>false</isSurrogateKey>
<indexColumnUsage>
<colUsage columnID="64752421-043D-8953-BEA0-445A5B190E45"/>
<colUsage columnID="ECA29EC2-25E8-1322-780A-E0883F3D351E"/>
</indexColumnUsage>
</ind_PK_UK>
</indexes>
</Table>