<?xml version = '1.0' encoding = 'UTF-8'?>
<Table class="oracle.dbtools.crest.model.design.relational.Table" directorySegmentName="seg_0" id="E9C9B791-44DA-6A7F-2718-DB4AAAD60C58" name="Country">
<createdBy>matpi</createdBy>
<createdTime>2023-10-20 01:44:15 UTC</createdTime>
<generatorID>E856A6AF-446D-9CFB-028B-155D1F44CE73</generatorID>
<ownerDesignName>ML_Syncfy</ownerDesignName>
<allowColumnReorder>false</allowColumnReorder>
<existDependencyGenerateInDDl>true</existDependencyGenerateInDDl>
<parsed>true</parsed>
<columns itemClass="oracle.dbtools.crest.model.design.relational.Column">
<Column name="Address_Id" id="F2801EA6-0105-A123-C0C1-A4B450F5FE26">
<createdBy>matpi</createdBy>
<createdTime>2023-10-20 01:44:15 UTC</createdTime>
<generatorID>D6AF20EC-5C30-06C0-DE91-60D91E78D93B</generatorID>
<ownerDesignName>ML_Syncfy</ownerDesignName>
<useDomainConstraints>false</useDomainConstraints>
<use>1</use>
<logicalDatatype>LOGDT019</logicalDatatype>
<ownDataTypeParameters>,,</ownDataTypeParameters>
<previousColumn>false</previousColumn>
<autoIncrementCycle>false</autoIncrementCycle>
<associations>
<colAssociation fkAssociation="B23284F3-D571-93B5-79B3-943D4BADBDB9" referredColumn="1B347787-AD85-E9D3-BDAE-A7739CC14107"/>
</associations>
</Column>
<Column name="Id" id="241665BF-C3B3-BEFB-A300-8399A512E7E0">
<createdBy>matpi</createdBy>
<createdTime>2023-10-20 01:44:15 UTC</createdTime>
<generatorID>6A0BF8D7-FF61-BC1F-6CA1-8B7980115F05</generatorID>
<ownerDesignName>ML_Syncfy</ownerDesignName>
<useDomainConstraints>false</useDomainConstraints>
<use>1</use>
<logicalDatatype>LOGDT019</logicalDatatype>
<ownDataTypeParameters>,,</ownDataTypeParameters>
<autoIncrementCycle>false</autoIncrementCycle>
</Column>
<Column name="Country" id="7CC732FE-EE42-1AFC-747E-D99A33BF51DA">
<createdBy>matpi</createdBy>
<createdTime>2023-10-20 01:44:15 UTC</createdTime>
<generatorID>1540E634-590A-113B-81E4-CE2BD3E7C1CB</generatorID>
<ownerDesignName>ML_Syncfy</ownerDesignName>
<nullsAllowed>true</nullsAllowed>
<useDomainConstraints>false</useDomainConstraints>
<use>1</use>
<logicalDatatype>LOGDT024</logicalDatatype>
<ownDataTypeParameters>,,</ownDataTypeParameters>
<autoIncrementCycle>false</autoIncrementCycle>
</Column>
</columns>
<indexes itemClass="oracle.dbtools.crest.model.design.relational.Index">
<ind_PK_UK id="648DB034-55A1-DEEF-EA60-3455E0A25CC5" name="Country_PK">
<createdBy>matpi</createdBy>
<createdTime>2023-10-20 01:44:15 UTC</createdTime>
<generatorID>2B05A1F5-9BD0-453D-1913-96685DCB0FA3</generatorID>
<ownerDesignName>ML_Syncfy</ownerDesignName>
<pk>true</pk>
<indexState>Primary Constraint</indexState>
<isSurrogateKey>false</isSurrogateKey>
<indexColumnUsage>
<colUsage columnID="241665BF-C3B3-BEFB-A300-8399A512E7E0"/>
</indexColumnUsage>
</ind_PK_UK>
<ind_PK_UK id="7586FA6C-73A0-0CD6-34E9-C748CD96ED16" name="Country__IDX">
<createdBy>matpi</createdBy>
<createdTime>2023-10-20 01:44:15 UTC</createdTime>
<ownerDesignName>ML_Syncfy</ownerDesignName>
<indexState>Unique Plain Index</indexState>
<isSurrogateKey>false</isSurrogateKey>
<relationGeneratorID>ACFDC49D-71FA-F802-E6DF-9B09672A748F</relationGeneratorID>
<indexColumnUsage>
<colUsage columnID="F2801EA6-0105-A123-C0C1-A4B450F5FE26"/>
</indexColumnUsage>
</ind_PK_UK>
<ind_PK_UK id="4E929343-8BCF-CFB1-07B4-DA4472B9F0DF" name="Country_Address_FK">
<createdBy>matpi</createdBy>
<createdTime>2023-10-20 01:44:15 UTC</createdTime>
<generatorID>ACFDC49D-71FA-F802-E6DF-9B09672A748F</generatorID>
<ownerDesignName>ML_Syncfy</ownerDesignName>
<indexState>Foreign Key</indexState>
<isSurrogateKey>false</isSurrogateKey>
<indexColumnUsage>
<colUsage columnID="F2801EA6-0105-A123-C0C1-A4B450F5FE26"/>
</indexColumnUsage>
</ind_PK_UK>
</indexes>
</Table>