<?xml version = '1.0' encoding = 'UTF-8'?>
<Entity class="oracle.dbtools.crest.model.design.logical.Entity" directorySegmentName="seg_0" id="21953616-6C15-2699-113B-9E2FD0BEAABD" name="Company_User_Address">
<createdBy>matpi</createdBy>
<createdTime>2023-10-20 00:43:02 UTC</createdTime>
<ownerDesignName>ML_Syncfy</ownerDesignName>
<engineerTo>
<item key="E3517374-A0BE-41DE-CD55-ED14FF66C968" value="true"/>
<item key="61F48727-3E8B-9EEE-308A-D92D555BE410" value="true"/>
</engineerTo>
<adequatelyNormalized>NO</adequatelyNormalized>
<expectedVolumes>0</expectedVolumes>
<fwdEngineeringStrategyName>Single Table</fwdEngineeringStrategyName>
<growthPercent>0</growthPercent>
<growthType>Year</growthType>
<maxVolumes>9999999</maxVolumes>
<minVolumes>0</minVolumes>
<normalForm>Third</normalForm>
<attributes itemClass="oracle.dbtools.crest.model.design.logical.Attribute">
<Attribute name="Id1" id="77DBB6E3-0147-349C-823D-0C51DDC4801D">
<createdBy>matpi</createdBy>
<createdTime>2023-10-20 01:14:49 UTC</createdTime>
<generatorID>6F819864-F12A-5F45-63F9-29BB553BA41E</generatorID>
<ownerDesignName>ML_Syncfy</ownerDesignName>
<engineerTo>
<item key="E3517374-A0BE-41DE-CD55-ED14FF66C968" value="true"/>
<item key="61F48727-3E8B-9EEE-308A-D92D555BE410" value="true"/>
</engineerTo>
<referedAttribute>EE38ADF2-CDEC-B5A7-CCDE-E09FF0018BE6</referedAttribute>
<useDomainConstraints>false</useDomainConstraints>
<use>1</use>
<logicalDatatype>LOGDT019</logicalDatatype>
<ownDataTypeParameters>,,</ownDataTypeParameters>
</Attribute>
<Attribute name="Cnpj" id="B541A6D3-D3C1-BAAE-C37E-2B045D900CB9">
<createdBy>matpi</createdBy>
<createdTime>2023-10-20 01:14:49 UTC</createdTime>
<generatorID>6F819864-F12A-5F45-63F9-29BB553BA41E</generatorID>
<ownerDesignName>ML_Syncfy</ownerDesignName>
<engineerTo>
<item key="E3517374-A0BE-41DE-CD55-ED14FF66C968" value="true"/>
<item key="61F48727-3E8B-9EEE-308A-D92D555BE410" value="true"/>
</engineerTo>
<referedAttribute>923BD0FC-07CA-D2B1-A1AB-82E275C3C4FB</referedAttribute>
<useDomainConstraints>false</useDomainConstraints>
<use>1</use>
<logicalDatatype>LOGDT025</logicalDatatype>
<dataTypeSize>14</dataTypeSize>
<ownDataTypeParameters>,,</ownDataTypeParameters>
</Attribute>
<Attribute name="Id" id="17D523E3-FDED-0D3F-8ABA-D98AD71510D0">
<createdBy>matpi</createdBy>
<createdTime>2023-10-20 01:35:09 UTC</createdTime>
<ownerDesignName>ML_Syncfy</ownerDesignName>
<engineerTo>
<item key="E3517374-A0BE-41DE-CD55-ED14FF66C968" value="true"/>
<item key="61F48727-3E8B-9EEE-308A-D92D555BE410" value="true"/>
</engineerTo>
<useDomainConstraints>false</useDomainConstraints>
<use>1</use>
<logicalDatatype>LOGDT019</logicalDatatype>
<ownDataTypeParameters>,,</ownDataTypeParameters>
</Attribute>
<Attribute name="Id2" id="2E5C8EEA-C4A8-405D-F30B-F98798AF057D">
<createdBy>matpi</createdBy>
<createdTime>2023-10-20 01:40:36 UTC</createdTime>
<generatorID>89128F6E-3C8A-6251-0988-7A6646751198</generatorID>
<ownerDesignName>ML_Syncfy</ownerDesignName>
<engineerTo>
<item key="E3517374-A0BE-41DE-CD55-ED14FF66C968" value="true"/>
<item key="61F48727-3E8B-9EEE-308A-D92D555BE410" value="true"/>
</engineerTo>
<referedAttribute>B7C75C71-14CE-EDB0-A6B2-C7FFA0F7C9E4</referedAttribute>
<useDomainConstraints>false</useDomainConstraints>
<use>1</use>
<logicalDatatype>LOGDT019</logicalDatatype>
<ownDataTypeParameters>,,</ownDataTypeParameters>
</Attribute>
</attributes>
<identifiers itemClass="oracle.dbtools.crest.model.design.logical.CandidateKey">
<identifier id="F99690B0-E40E-B126-F6E5-9DB8B0C1E36D" name="Company_User_Address PK">
<createdBy>matpi</createdBy>
<createdTime>2023-10-20 01:14:49 UTC</createdTime>
<ownerDesignName>ML_Syncfy</ownerDesignName>
<engineerTo>
<item key="E3517374-A0BE-41DE-CD55-ED14FF66C968" value="true"/>
<item key="61F48727-3E8B-9EEE-308A-D92D555BE410" value="true"/>
</engineerTo>
<pk>true</pk>
<usedAttributes>
<attributeRef>77DBB6E3-0147-349C-823D-0C51DDC4801D</attributeRef>
<attributeRef>B541A6D3-D3C1-BAAE-C37E-2B045D900CB9</attributeRef>
<attributeRef>17D523E3-FDED-0D3F-8ABA-D98AD71510D0</attributeRef>
</usedAttributes>
</identifier>
</identifiers>
</Entity>