<?xml version = '1.0' encoding = 'UTF-8'?>
<Entity class="oracle.dbtools.crest.model.design.logical.Entity" directorySegmentName="seg_0" id="51AFC5C4-6D8F-BDAD-B677-1D94A150FA9F" name="Ddd">
<createdBy>matpi</createdBy>
<createdTime>2023-10-20 01:31:09 UTC</createdTime>
<ownerDesignName>ML_Syncfy</ownerDesignName>
<engineerTo>
<item key="E3517374-A0BE-41DE-CD55-ED14FF66C968" value="true"/>
<item key="61F48727-3E8B-9EEE-308A-D92D555BE410" value="true"/>
</engineerTo>
<adequatelyNormalized>NO</adequatelyNormalized>
<expectedVolumes>0</expectedVolumes>
<fwdEngineeringStrategyName>Single Table</fwdEngineeringStrategyName>
<growthPercent>0</growthPercent>
<growthType>Year</growthType>
<maxVolumes>9999999</maxVolumes>
<minVolumes>0</minVolumes>
<normalForm>Third</normalForm>
<attributes itemClass="oracle.dbtools.crest.model.design.logical.Attribute">
<Attribute name="Id" id="E06C1D7A-DE10-FDCE-EC7C-27F0F76CF100">
<createdBy>matpi</createdBy>
<createdTime>2023-10-20 01:32:41 UTC</createdTime>
<ownerDesignName>ML_Syncfy</ownerDesignName>
<engineerTo>
<item key="E3517374-A0BE-41DE-CD55-ED14FF66C968" value="true"/>
<item key="61F48727-3E8B-9EEE-308A-D92D555BE410" value="true"/>
</engineerTo>
<useDomainConstraints>false</useDomainConstraints>
<use>1</use>
<logicalDatatype>LOGDT019</logicalDatatype>
<ownDataTypeParameters>,,</ownDataTypeParameters>
</Attribute>
<Attribute name="Ddd" id="0E3ABCDD-FF47-28BA-FF05-1B163750071E">
<createdBy>matpi</createdBy>
<createdTime>2023-10-20 01:32:57 UTC</createdTime>
<ownerDesignName>ML_Syncfy</ownerDesignName>
<engineerTo>
<item key="E3517374-A0BE-41DE-CD55-ED14FF66C968" value="true"/>
<item key="61F48727-3E8B-9EEE-308A-D92D555BE410" value="true"/>
</engineerTo>
<nullsAllowed>true</nullsAllowed>
<useDomainConstraints>false</useDomainConstraints>
<use>1</use>
<logicalDatatype>LOGDT019</logicalDatatype>
<ownDataTypeParameters>,,</ownDataTypeParameters>
</Attribute>
</attributes>
<identifiers itemClass="oracle.dbtools.crest.model.design.logical.CandidateKey">
<identifier id="5E5DF053-5578-AC3B-C9DC-9B6405E66315" name="Ddd PK">
<createdBy>matpi</createdBy>
<createdTime>2023-10-20 01:32:52 UTC</createdTime>
<ownerDesignName>ML_Syncfy</ownerDesignName>
<shouldEngineer>false</shouldEngineer>
<engineerTo>
<item key="E3517374-A0BE-41DE-CD55-ED14FF66C968" value="false"/>
<item key="61F48727-3E8B-9EEE-308A-D92D555BE410" value="true"/>
</engineerTo>
<pk>true</pk>
<usedAttributes>
<attributeRef>E06C1D7A-DE10-FDCE-EC7C-27F0F76CF100</attributeRef>
</usedAttributes>
</identifier>
</identifiers>
</Entity>