<?xml version = '1.0' encoding = 'UTF-8'?>
<Entity class="oracle.dbtools.crest.model.design.logical.Entity" directorySegmentName="seg_0" id="739C310B-FB00-E3D1-15CA-854AB00C68CD" name="Material">
<createdBy>matpi</createdBy>
<createdTime>2023-10-20 00:22:42 UTC</createdTime>
<ownerDesignName>ML_Syncfy</ownerDesignName>
<importedID>94603A41-98DD-0731-7341-16C96C72C47A</importedID>
<engineerTo>
<item key="E3517374-A0BE-41DE-CD55-ED14FF66C968" value="true"/>
<item key="61F48727-3E8B-9EEE-308A-D92D555BE410" value="true"/>
</engineerTo>
<adequatelyNormalized>NO</adequatelyNormalized>
<expectedVolumes>0</expectedVolumes>
<fwdEngineeringStrategyName>Single Table</fwdEngineeringStrategyName>
<growthPercent>0</growthPercent>
<growthType>Year</growthType>
<maxVolumes>9999999</maxVolumes>
<minVolumes>0</minVolumes>
<normalForm>Third</normalForm>
<attributes itemClass="oracle.dbtools.crest.model.design.logical.Attribute">
<Attribute name="Id" id="AC22EB92-0561-EF04-9A6D-FC1EF53E583C">
<createdBy>matpi</createdBy>
<createdTime>2023-10-20 00:22:42 UTC</createdTime>
<ownerDesignName>ML_Syncfy</ownerDesignName>
<importedID>9504176F-0590-4EF4-582A-DC8412615624</importedID>
<engineerTo>
<item key="E3517374-A0BE-41DE-CD55-ED14FF66C968" value="true"/>
<item key="61F48727-3E8B-9EEE-308A-D92D555BE410" value="true"/>
</engineerTo>
<useDomainConstraints>false</useDomainConstraints>
<use>1</use>
<logicalDatatype>LOGDT019</logicalDatatype>
<ownDataTypeParameters>,,</ownDataTypeParameters>
</Attribute>
<Attribute name="Unit_Amount" id="CF2425CB-FC45-67B5-610C-FFE4DF19C2AA">
<createdBy>matpi</createdBy>
<createdTime>2023-10-20 00:22:42 UTC</createdTime>
<ownerDesignName>ML_Syncfy</ownerDesignName>
<importedID>178125BF-EED5-35AD-1E99-BE324F0CFE76</importedID>
<engineerTo>
<item key="E3517374-A0BE-41DE-CD55-ED14FF66C968" value="true"/>
<item key="61F48727-3E8B-9EEE-308A-D92D555BE410" value="true"/>
</engineerTo>
<nullsAllowed>true</nullsAllowed>
<useDomainConstraints>false</useDomainConstraints>
<use>1</use>
<logicalDatatype>LOGDT026</logicalDatatype>
<ownDataTypeParameters>,,</ownDataTypeParameters>
</Attribute>
<Attribute name="Name" id="C67641CD-53FF-F0B7-2C95-ED1C45884254">
<createdBy>matpi</createdBy>
<createdTime>2023-10-20 00:22:42 UTC</createdTime>
<ownerDesignName>ML_Syncfy</ownerDesignName>
<importedID>22972D86-C79A-C73C-016C-4CE6841B31C6</importedID>
<engineerTo>
<item key="E3517374-A0BE-41DE-CD55-ED14FF66C968" value="true"/>
<item key="61F48727-3E8B-9EEE-308A-D92D555BE410" value="true"/>
</engineerTo>
<nullsAllowed>true</nullsAllowed>
<useDomainConstraints>false</useDomainConstraints>
<use>1</use>
<logicalDatatype>LOGDT024</logicalDatatype>
<dataTypeSize>20</dataTypeSize>
<ownDataTypeParameters>20,,</ownDataTypeParameters>
</Attribute>
<Attribute name="Description" id="99F6082D-BF11-E92B-0C10-9F81C971E9C4">
<createdBy>matpi</createdBy>
<createdTime>2023-10-20 00:22:42 UTC</createdTime>
<ownerDesignName>ML_Syncfy</ownerDesignName>
<importedID>CC5FA3F9-B49E-0EDE-6974-133508B0CDEB</importedID>
<engineerTo>
<item key="E3517374-A0BE-41DE-CD55-ED14FF66C968" value="true"/>
<item key="61F48727-3E8B-9EEE-308A-D92D555BE410" value="true"/>
</engineerTo>
<nullsAllowed>true</nullsAllowed>
<useDomainConstraints>false</useDomainConstraints>
<use>1</use>
<logicalDatatype>LOGDT024</logicalDatatype>
<dataTypeSize>250</dataTypeSize>
<ownDataTypeParameters>250,,</ownDataTypeParameters>
</Attribute>
<Attribute name="Product_Code" id="6AFE46C9-BB54-284E-9890-7A05630F531F">
<createdBy>matpi</createdBy>
<createdTime>2023-10-20 00:22:42 UTC</createdTime>
<ownerDesignName>ML_Syncfy</ownerDesignName>
<importedID>0CD21DC8-10F2-01DB-064A-81AF3A8482DE</importedID>
<engineerTo>
<item key="E3517374-A0BE-41DE-CD55-ED14FF66C968" value="true"/>
<item key="61F48727-3E8B-9EEE-308A-D92D555BE410" value="true"/>
</engineerTo>
<useDomainConstraints>false</useDomainConstraints>
<use>1</use>
<logicalDatatype>LOGDT025</logicalDatatype>
<ownDataTypeParameters>,,</ownDataTypeParameters>
</Attribute>
<Attribute name="Id1" id="0962B193-D864-EB85-7C95-57410D56EE8A">
<createdBy>matpi</createdBy>
<createdTime>2023-10-20 00:22:42 UTC</createdTime>
<generatorID>58DB2FD7-4A1B-BC7C-18AD-B649B3124413</generatorID>
<ownerDesignName>ML_Syncfy</ownerDesignName>
<importedID>8A77005C-B397-09E1-4273-391852B78BCE</importedID>
<engineerTo>
<item key="E3517374-A0BE-41DE-CD55-ED14FF66C968" value="true"/>
<item key="61F48727-3E8B-9EEE-308A-D92D555BE410" value="true"/>
</engineerTo>
<referedAttribute>D8428407-06B1-3F58-35D5-DCBA058DE69C</referedAttribute>
<useDomainConstraints>false</useDomainConstraints>
<use>1</use>
<logicalDatatype>LOGDT019</logicalDatatype>
<ownDataTypeParameters>,,</ownDataTypeParameters>
</Attribute>
<Attribute name="Cnpj" id="D503237C-96BE-3AE0-F177-C11DBB94F27C">
<createdBy>matpi</createdBy>
<createdTime>2023-10-20 00:22:42 UTC</createdTime>
<generatorID>58DB2FD7-4A1B-BC7C-18AD-B649B3124413</generatorID>
<ownerDesignName>ML_Syncfy</ownerDesignName>
<importedID>28FB6865-74DC-A4D9-4D5C-0F60C2E60981</importedID>
<engineerTo>
<item key="E3517374-A0BE-41DE-CD55-ED14FF66C968" value="true"/>
<item key="61F48727-3E8B-9EEE-308A-D92D555BE410" value="true"/>
</engineerTo>
<referedAttribute>62E2B7B0-125A-7EA1-C5D8-FB5665BE5465</referedAttribute>
<useDomainConstraints>false</useDomainConstraints>
<use>1</use>
<logicalDatatype>LOGDT019</logicalDatatype>
<ownDataTypeParameters>,,</ownDataTypeParameters>
</Attribute>
</attributes>
<identifiers itemClass="oracle.dbtools.crest.model.design.logical.CandidateKey">
<identifier id="163C2649-A97D-0CCC-EC5C-1A66551ED37B" name="Material PK">
<createdBy>matpi</createdBy>
<createdTime>2023-10-20 00:22:42 UTC</createdTime>
<ownerDesignName>ML_Syncfy</ownerDesignName>
<importedID>9DE83723-5526-A8E8-0502-FC199D0D8247</importedID>
<engineerTo>
<item key="E3517374-A0BE-41DE-CD55-ED14FF66C968" value="true"/>
<item key="61F48727-3E8B-9EEE-308A-D92D555BE410" value="true"/>
</engineerTo>
<pk>true</pk>
<usedAttributes>
<attributeRef>AC22EB92-0561-EF04-9A6D-FC1EF53E583C</attributeRef>
<attributeRef>6AFE46C9-BB54-284E-9890-7A05630F531F</attributeRef>
</usedAttributes>
</identifier>
</identifiers>
</Entity>