<?xml version = '1.0' encoding = 'UTF-8'?>
<Entity class="oracle.dbtools.crest.model.design.logical.Entity" directorySegmentName="seg_0" id="79C1FBA5-E4B4-B2BF-66B3-B2350DE2D2D4" name="UF">
<createdBy>matpi</createdBy>
<createdTime>2023-10-20 01:17:52 UTC</createdTime>
<ownerDesignName>ML_Syncfy</ownerDesignName>
<engineerTo>
<item key="E3517374-A0BE-41DE-CD55-ED14FF66C968" value="true"/>
<item key="61F48727-3E8B-9EEE-308A-D92D555BE410" value="true"/>
</engineerTo>
<adequatelyNormalized>NO</adequatelyNormalized>
<expectedVolumes>0</expectedVolumes>
<fwdEngineeringStrategyName>Single Table</fwdEngineeringStrategyName>
<growthPercent>0</growthPercent>
<growthType>Year</growthType>
<maxVolumes>9999999</maxVolumes>
<minVolumes>0</minVolumes>
<normalForm>Third</normalForm>
<attributes itemClass="oracle.dbtools.crest.model.design.logical.Attribute">
<Attribute name="Id" id="453E1349-17F3-A450-D0C8-2DF58B218132">
<createdBy>matpi</createdBy>
<createdTime>2023-10-20 01:20:20 UTC</createdTime>
<ownerDesignName>ML_Syncfy</ownerDesignName>
<engineerTo>
<item key="E3517374-A0BE-41DE-CD55-ED14FF66C968" value="true"/>
<item key="61F48727-3E8B-9EEE-308A-D92D555BE410" value="true"/>
</engineerTo>
<useDomainConstraints>false</useDomainConstraints>
<use>1</use>
<logicalDatatype>LOGDT019</logicalDatatype>
<ownDataTypeParameters>,,</ownDataTypeParameters>
</Attribute>
<Attribute name="Uf" id="5FEEEDB8-8731-06CA-CC65-51CC73DD8280">
<createdBy>matpi</createdBy>
<createdTime>2023-10-20 01:20:34 UTC</createdTime>
<ownerDesignName>ML_Syncfy</ownerDesignName>
<engineerTo>
<item key="E3517374-A0BE-41DE-CD55-ED14FF66C968" value="true"/>
<item key="61F48727-3E8B-9EEE-308A-D92D555BE410" value="true"/>
</engineerTo>
<useDomainConstraints>false</useDomainConstraints>
<use>1</use>
<logicalDatatype>LOGDT025</logicalDatatype>
<dataTypeSize>2</dataTypeSize>
<ownDataTypeParameters>2,,</ownDataTypeParameters>
</Attribute>
</attributes>
<identifiers itemClass="oracle.dbtools.crest.model.design.logical.CandidateKey">
<identifier id="0784DEF3-804E-FCB8-C539-18BFF17ACBCF" name="UF PK">
<createdBy>matpi</createdBy>
<createdTime>2023-10-20 01:20:24 UTC</createdTime>
<ownerDesignName>ML_Syncfy</ownerDesignName>
<shouldEngineer>false</shouldEngineer>
<engineerTo>
<item key="E3517374-A0BE-41DE-CD55-ED14FF66C968" value="false"/>
<item key="61F48727-3E8B-9EEE-308A-D92D555BE410" value="true"/>
</engineerTo>
<pk>true</pk>
<usedAttributes>
<attributeRef>453E1349-17F3-A450-D0C8-2DF58B218132</attributeRef>
</usedAttributes>
</identifier>
</identifiers>
</Entity>
