<?xml version = '1.0' encoding = 'UTF-8'?>
<Entity class="oracle.dbtools.crest.model.design.logical.Entity" directorySegmentName="seg_0" id="856B125B-8B8A-07FE-DC86-05A7E0F3CE89" name="Order">
<createdBy>matpi</createdBy>
<createdTime>2023-10-20 00:22:42 UTC</createdTime>
<ownerDesignName>ML_Syncfy</ownerDesignName>
<importedID>9607AB4D-1747-9FF7-3CB0-CE38C9B3F653</importedID>
<engineerTo>
<item key="E3517374-A0BE-41DE-CD55-ED14FF66C968" value="true"/>
<item key="61F48727-3E8B-9EEE-308A-D92D555BE410" value="true"/>
</engineerTo>
<adequatelyNormalized>NO</adequatelyNormalized>
<expectedVolumes>0</expectedVolumes>
<fwdEngineeringStrategyName>Single Table</fwdEngineeringStrategyName>
<growthPercent>0</growthPercent>
<growthType>Year</growthType>
<maxVolumes>9999999</maxVolumes>
<minVolumes>0</minVolumes>
<normalForm>Third</normalForm>
<attributes itemClass="oracle.dbtools.crest.model.design.logical.Attribute">
<Attribute name="Id" id="35EA8A44-B3B7-2088-5716-C6F8E15470EE">
<createdBy>matpi</createdBy>
<createdTime>2023-10-20 00:22:42 UTC</createdTime>
<ownerDesignName>ML_Syncfy</ownerDesignName>
<importedID>D6BAAD7E-24D4-9922-A9A4-FEEE3B8C18A2</importedID>
<engineerTo>
<item key="E3517374-A0BE-41DE-CD55-ED14FF66C968" value="true"/>
<item key="61F48727-3E8B-9EEE-308A-D92D555BE410" value="true"/>
</engineerTo>
<useDomainConstraints>false</useDomainConstraints>
<use>1</use>
<logicalDatatype>LOGDT019</logicalDatatype>
<ownDataTypeParameters>,,</ownDataTypeParameters>
</Attribute>
<Attribute name="Created_at" id="DDE8BF29-E251-D20B-8E41-644B779B1B16">
<createdBy>matpi</createdBy>
<createdTime>2023-10-20 00:22:42 UTC</createdTime>
<ownerDesignName>ML_Syncfy</ownerDesignName>
<importedID>1E457680-DCE5-B531-6957-89D74F03E499</importedID>
<engineerTo>
<item key="E3517374-A0BE-41DE-CD55-ED14FF66C968" value="true"/>
<item key="61F48727-3E8B-9EEE-308A-D92D555BE410" value="true"/>
</engineerTo>
<nullsAllowed>true</nullsAllowed>
<useDomainConstraints>false</useDomainConstraints>
<use>1</use>
<logicalDatatype>LOGDT024</logicalDatatype>
<ownDataTypeParameters>,,</ownDataTypeParameters>
</Attribute>
<Attribute name="Updated_at" id="CAA50F5E-1BF0-9D74-EA4E-CF8FC80422DE">
<createdBy>matpi</createdBy>
<createdTime>2023-10-20 00:22:42 UTC</createdTime>
<ownerDesignName>ML_Syncfy</ownerDesignName>
<importedID>E13E188A-7230-D46C-F705-533133C9ADEF</importedID>
<engineerTo>
<item key="E3517374-A0BE-41DE-CD55-ED14FF66C968" value="true"/>
<item key="61F48727-3E8B-9EEE-308A-D92D555BE410" value="true"/>
</engineerTo>
<nullsAllowed>true</nullsAllowed>
<useDomainConstraints>false</useDomainConstraints>
<use>1</use>
<logicalDatatype>LOGDT024</logicalDatatype>
<ownDataTypeParameters>,,</ownDataTypeParameters>
</Attribute>
<Attribute name="Total_Amount" id="480C7330-8994-D526-53A3-AE589092BFFA">
<createdBy>matpi</createdBy>
<createdTime>2023-10-20 00:22:42 UTC</createdTime>
<ownerDesignName>ML_Syncfy</ownerDesignName>
<importedID>ED16E40E-8819-C52E-18A5-3A5BA7224185</importedID>
<engineerTo>
<item key="E3517374-A0BE-41DE-CD55-ED14FF66C968" value="true"/>
<item key="61F48727-3E8B-9EEE-308A-D92D555BE410" value="true"/>
</engineerTo>
<nullsAllowed>true</nullsAllowed>
<useDomainConstraints>false</useDomainConstraints>
<use>1</use>
<logicalDatatype>LOGDT026</logicalDatatype>
<ownDataTypeParameters>,,</ownDataTypeParameters>
</Attribute>
<Attribute name="Delivery_Date" id="0A4B40AC-BC03-2425-D7FC-7A035A42E777">
<createdBy>matpi</createdBy>
<createdTime>2023-10-20 00:22:42 UTC</createdTime>
<ownerDesignName>ML_Syncfy</ownerDesignName>
<importedID>D237C1A4-2D77-CA4E-DA86-C07F6AA4FC93</importedID>
<engineerTo>
<item key="E3517374-A0BE-41DE-CD55-ED14FF66C968" value="true"/>
<item key="61F48727-3E8B-9EEE-308A-D92D555BE410" value="true"/>
</engineerTo>
<nullsAllowed>true</nullsAllowed>
<useDomainConstraints>false</useDomainConstraints>
<use>1</use>
<logicalDatatype>LOGDT024</logicalDatatype>
<ownDataTypeParameters>,,</ownDataTypeParameters>
</Attribute>
<Attribute name="Order_Number" id="E37AD668-6372-CEDC-588B-66F3608B432C">
<createdBy>matpi</createdBy>
<createdTime>2023-10-20 00:22:42 UTC</createdTime>
<ownerDesignName>ML_Syncfy</ownerDesignName>
<importedID>AEE6DBAE-0C38-4F11-D3FD-A20499ABA95F</importedID>
<engineerTo>
<item key="E3517374-A0BE-41DE-CD55-ED14FF66C968" value="true"/>
<item key="61F48727-3E8B-9EEE-308A-D92D555BE410" value="true"/>
</engineerTo>
<nullsAllowed>true</nullsAllowed>
<useDomainConstraints>false</useDomainConstraints>
<use>1</use>
<logicalDatatype>LOGDT019</logicalDatatype>
<ownDataTypeParameters>,,</ownDataTypeParameters>
</Attribute>
<Attribute name="Description" id="D05B8161-B2DB-9CFE-E8B0-76DC04FE8371">
<createdBy>matpi</createdBy>
<createdTime>2023-10-20 00:22:42 UTC</createdTime>
<ownerDesignName>ML_Syncfy</ownerDesignName>
<importedID>1BF5597F-3F61-0A68-F476-7458CEE82267</importedID>
<engineerTo>
<item key="E3517374-A0BE-41DE-CD55-ED14FF66C968" value="true"/>
<item key="61F48727-3E8B-9EEE-308A-D92D555BE410" value="true"/>
</engineerTo>
<nullsAllowed>true</nullsAllowed>
<useDomainConstraints>false</useDomainConstraints>
<use>1</use>
<logicalDatatype>LOGDT024</logicalDatatype>
<dataTypeSize>250</dataTypeSize>
<ownDataTypeParameters>250,,</ownDataTypeParameters>
</Attribute>
<Attribute name="Id1" id="5AA03CD0-3863-5F6D-C2DB-6970FD4745F9">
<createdBy>matpi</createdBy>
<createdTime>2023-10-20 00:22:43 UTC</createdTime>
<generatorID>A56D2F68-3E3D-9B23-8026-519A391AEEA5</generatorID>
<ownerDesignName>ML_Syncfy</ownerDesignName>
<importedID>08D08AE8-09FE-4334-F9FD-70E3039E54B3</importedID>
<engineerTo>
<item key="E3517374-A0BE-41DE-CD55-ED14FF66C968" value="true"/>
<item key="61F48727-3E8B-9EEE-308A-D92D555BE410" value="true"/>
</engineerTo>
<referedAttribute>D8428407-06B1-3F58-35D5-DCBA058DE69C</referedAttribute>
<useDomainConstraints>false</useDomainConstraints>
<use>1</use>
<logicalDatatype>LOGDT019</logicalDatatype>
<ownDataTypeParameters>,,</ownDataTypeParameters>
</Attribute>
<Attribute name="Cnpj" id="303FFC15-6CDA-4509-D027-28C3A4860B56">
<createdBy>matpi</createdBy>
<createdTime>2023-10-20 00:22:43 UTC</createdTime>
<generatorID>A56D2F68-3E3D-9B23-8026-519A391AEEA5</generatorID>
<ownerDesignName>ML_Syncfy</ownerDesignName>
<importedID>B6220CF0-4004-F633-07DB-195B595C5211</importedID>
<engineerTo>
<item key="E3517374-A0BE-41DE-CD55-ED14FF66C968" value="true"/>
<item key="61F48727-3E8B-9EEE-308A-D92D555BE410" value="true"/>
</engineerTo>
<referedAttribute>62E2B7B0-125A-7EA1-C5D8-FB5665BE5465</referedAttribute>
<useDomainConstraints>false</useDomainConstraints>
<use>1</use>
<logicalDatatype>LOGDT019</logicalDatatype>
<ownDataTypeParameters>,,</ownDataTypeParameters>
</Attribute>
<Attribute name="Id2" id="FEE9E49B-7D43-AF74-F505-0F0F77B61CE3">
<createdBy>matpi</createdBy>
<createdTime>2023-10-20 00:22:43 UTC</createdTime>
<generatorID>0190CEB4-CFD9-3A1E-278B-2CD01AC11A87</generatorID>
<ownerDesignName>ML_Syncfy</ownerDesignName>
<importedID>EF101F70-618A-F6BF-0930-089E84B95E19</importedID>
<engineerTo>
<item key="E3517374-A0BE-41DE-CD55-ED14FF66C968" value="true"/>
<item key="61F48727-3E8B-9EEE-308A-D92D555BE410" value="true"/>
</engineerTo>
<referedAttribute>EE38ADF2-CDEC-B5A7-CCDE-E09FF0018BE6</referedAttribute>
<useDomainConstraints>false</useDomainConstraints>
<use>1</use>
<logicalDatatype>LOGDT019</logicalDatatype>
<ownDataTypeParameters>,,</ownDataTypeParameters>
</Attribute>
<Attribute name="Cnpj1" id="80FC1994-5D10-638C-DC32-D8D429D077F1">
<createdBy>matpi</createdBy>
<createdTime>2023-10-20 00:22:43 UTC</createdTime>
<generatorID>0190CEB4-CFD9-3A1E-278B-2CD01AC11A87</generatorID>
<ownerDesignName>ML_Syncfy</ownerDesignName>
<importedID>CB89840D-BFF9-383C-115D-9B797BB43033</importedID>
<engineerTo>
<item key="E3517374-A0BE-41DE-CD55-ED14FF66C968" value="true"/>
<item key="61F48727-3E8B-9EEE-308A-D92D555BE410" value="true"/>
</engineerTo>
<referedAttribute>923BD0FC-07CA-D2B1-A1AB-82E275C3C4FB</referedAttribute>
<useDomainConstraints>false</useDomainConstraints>
<use>1</use>
<logicalDatatype>LOGDT025</logicalDatatype>
<dataTypeSize>14</dataTypeSize>
<ownDataTypeParameters>14,,</ownDataTypeParameters>
</Attribute>
</attributes>
<identifiers itemClass="oracle.dbtools.crest.model.design.logical.CandidateKey">
<identifier id="1F66DF28-D12F-3204-0739-AD2061DA4E07" name="Order PK">
<createdBy>matpi</createdBy>
<createdTime>2023-10-20 00:22:43 UTC</createdTime>
<ownerDesignName>ML_Syncfy</ownerDesignName>
<importedID>641EB8CD-3CAB-86B7-2738-EEF7E363D3CE</importedID>
<engineerTo>
<item key="E3517374-A0BE-41DE-CD55-ED14FF66C968" value="true"/>
<item key="61F48727-3E8B-9EEE-308A-D92D555BE410" value="true"/>
</engineerTo>
<pk>true</pk>
<usedAttributes>
<attributeRef>35EA8A44-B3B7-2088-5716-C6F8E15470EE</attributeRef>
</usedAttributes>
</identifier>
</identifiers>
</Entity>