<?xml version = '1.0' encoding = 'UTF-8'?>
<Entity class="oracle.dbtools.crest.model.design.logical.Entity" directorySegmentName="seg_0" id="E856A6AF-446D-9CFB-028B-155D1F44CE73" name="Country">
<createdBy>matpi</createdBy>
<createdTime>2023-10-20 01:17:01 UTC</createdTime>
<ownerDesignName>ML_Syncfy</ownerDesignName>
<engineerTo>
<item key="E3517374-A0BE-41DE-CD55-ED14FF66C968" value="true"/>
<item key="61F48727-3E8B-9EEE-308A-D92D555BE410" value="true"/>
</engineerTo>
<adequatelyNormalized>NO</adequatelyNormalized>
<expectedVolumes>0</expectedVolumes>
<fwdEngineeringStrategyName>Single Table</fwdEngineeringStrategyName>
<growthPercent>0</growthPercent>
<growthType>Year</growthType>
<maxVolumes>9999999</maxVolumes>
<minVolumes>0</minVolumes>
<normalForm>Third</normalForm>
<attributes itemClass="oracle.dbtools.crest.model.design.logical.Attribute">
<Attribute name="Id" id="6A0BF8D7-FF61-BC1F-6CA1-8B7980115F05">
<createdBy>matpi</createdBy>
<createdTime>2023-10-20 01:38:54 UTC</createdTime>
<ownerDesignName>ML_Syncfy</ownerDesignName>
<engineerTo>
<item key="E3517374-A0BE-41DE-CD55-ED14FF66C968" value="true"/>
<item key="61F48727-3E8B-9EEE-308A-D92D555BE410" value="true"/>
</engineerTo>
<useDomainConstraints>false</useDomainConstraints>
<use>1</use>
<logicalDatatype>LOGDT019</logicalDatatype>
<ownDataTypeParameters>,,</ownDataTypeParameters>
</Attribute>
<Attribute name="Country" id="1540E634-590A-113B-81E4-CE2BD3E7C1CB">
<createdBy>matpi</createdBy>
<createdTime>2023-10-20 01:38:55 UTC</createdTime>
<ownerDesignName>ML_Syncfy</ownerDesignName>
<engineerTo>
<item key="E3517374-A0BE-41DE-CD55-ED14FF66C968" value="true"/>
<item key="61F48727-3E8B-9EEE-308A-D92D555BE410" value="true"/>
</engineerTo>
<nullsAllowed>true</nullsAllowed>
<useDomainConstraints>false</useDomainConstraints>
<use>1</use>
<logicalDatatype>LOGDT024</logicalDatatype>
<ownDataTypeParameters>,,</ownDataTypeParameters>
</Attribute>
</attributes>
<identifiers itemClass="oracle.dbtools.crest.model.design.logical.CandidateKey">
<identifier id="2B05A1F5-9BD0-453D-1913-96685DCB0FA3" name="Country PK">
<createdBy>matpi</createdBy>
<createdTime>2023-10-20 01:39:44 UTC</createdTime>
<ownerDesignName>ML_Syncfy</ownerDesignName>
<shouldEngineer>false</shouldEngineer>
<engineerTo>
<item key="E3517374-A0BE-41DE-CD55-ED14FF66C968" value="false"/>
<item key="61F48727-3E8B-9EEE-308A-D92D555BE410" value="true"/>
</engineerTo>
<pk>true</pk>
<usedAttributes>
<attributeRef>6A0BF8D7-FF61-BC1F-6CA1-8B7980115F05</attributeRef>
</usedAttributes>
</identifier>
</identifiers>
</Entity>
