<?xml version = '1.0' encoding = 'UTF-8'?>
<Entity class="oracle.dbtools.crest.model.design.logical.Entity" directorySegmentName="seg_0" id="EF84B1BD-0654-8351-08B8-EE8AF3FF1183" name="IBGE_Code">
<createdBy>matpi</createdBy>
<createdTime>2023-10-20 01:18:31 UTC</createdTime>
<ownerDesignName>ML_Syncfy</ownerDesignName>
<engineerTo>
<item key="E3517374-A0BE-41DE-CD55-ED14FF66C968" value="true"/>
<item key="61F48727-3E8B-9EEE-308A-D92D555BE410" value="true"/>
</engineerTo>
<adequatelyNormalized>NO</adequatelyNormalized>
<expectedVolumes>0</expectedVolumes>
<fwdEngineeringStrategyName>Single Table</fwdEngineeringStrategyName>
<growthPercent>0</growthPercent>
<growthType>Year</growthType>
<maxVolumes>9999999</maxVolumes>
<minVolumes>0</minVolumes>
<normalForm>Third</normalForm>
<attributes itemClass="oracle.dbtools.crest.model.design.logical.Attribute">
<Attribute name="Id" id="0AD3E528-D3DC-4C2F-D1C7-2C84A1798C46">
<createdBy>matpi</createdBy>
<createdTime>2023-10-20 01:39:52 UTC</createdTime>
<ownerDesignName>ML_Syncfy</ownerDesignName>
<engineerTo>
<item key="E3517374-A0BE-41DE-CD55-ED14FF66C968" value="true"/>
<item key="61F48727-3E8B-9EEE-308A-D92D555BE410" value="true"/>
</engineerTo>
<useDomainConstraints>false</useDomainConstraints>
<use>1</use>
<logicalDatatype>LOGDT019</logicalDatatype>
<ownDataTypeParameters>,,</ownDataTypeParameters>
</Attribute>
<Attribute name="IBGE_Code" id="EBA6DCE4-5329-7092-9274-894B54EA06B8">
<createdBy>matpi</createdBy>
<createdTime>2023-10-20 01:40:05 UTC</createdTime>
<ownerDesignName>ML_Syncfy</ownerDesignName>
<engineerTo>
<item key="E3517374-A0BE-41DE-CD55-ED14FF66C968" value="true"/>
<item key="61F48727-3E8B-9EEE-308A-D92D555BE410" value="true"/>
</engineerTo>
<nullsAllowed>true</nullsAllowed>
<useDomainConstraints>false</useDomainConstraints>
<use>1</use>
<logicalDatatype>LOGDT019</logicalDatatype>
<ownDataTypeParameters>,,</ownDataTypeParameters>
</Attribute>
</attributes>
<identifiers itemClass="oracle.dbtools.crest.model.design.logical.CandidateKey">
<identifier id="2DA72F59-2A73-A82C-C60A-69F81B6C5EE3" name="IBGE_Code PK">
<createdBy>matpi</createdBy>
<createdTime>2023-10-20 01:39:55 UTC</createdTime>
<ownerDesignName>ML_Syncfy</ownerDesignName>
<shouldEngineer>false</shouldEngineer>
<engineerTo>
<item key="E3517374-A0BE-41DE-CD55-ED14FF66C968" value="false"/>
<item key="61F48727-3E8B-9EEE-308A-D92D555BE410" value="true"/>
</engineerTo>
<pk>true</pk>
<usedAttributes>
<attributeRef>0AD3E528-D3DC-4C2F-D1C7-2C84A1798C46</attributeRef>
</usedAttributes>
</identifier>
</identifiers>
</Entity>
