<?xml version = '1.0' encoding = 'UTF-8'?>
<FKIndexAssociation class="oracle.dbtools.crest.model.design.relational.FKIndexAssociation" directorySegmentName="seg_0" id="08552268-CAA5-B1AB-89AB-59C6F56F575C" containerWithKeyObject="19E2815F-8224-F540-8D56-F75B990980D0" localFKIndex="20089009-3ED9-4B29-DE9F-DD74B12171FC" name="Zip_Code_Address_FK">
<createdBy>matpi</createdBy>
<createdTime>2023-10-20 01:44:15 UTC</createdTime>
<generatorID>AB818871-9697-6F8E-BC97-BE393B6A585B</generatorID>
<ownerDesignName>ML_Syncfy</ownerDesignName>
<referredTableLongName>Address</referredTableLongName>
<deleteRule>NO ACTION</deleteRule>
<referredTableID>8E1C89AE-7383-19E0-837F-FAA5C2F7E160</referredTableID>
<keyObject>CF81D93B-4C38-DD1D-A102-C6D7BC32FEB5</keyObject>
<referredKeyID>CF81D93B-4C38-DD1D-A102-C6D7BC32FEB5</referredKeyID>
<mandatory>true</mandatory>
<refColNames>Id</refColNames>
<transferable>true</transferable>
<rely>false</rely>
<columnDependencyConstraintGenerateInDDL>true</columnDependencyConstraintGenerateInDDL>
</FKIndexAssociation>