<?xml version = '1.0' encoding = 'UTF-8'?>
<FKIndexAssociation class="oracle.dbtools.crest.model.design.relational.FKIndexAssociation" directorySegmentName="seg_0" id="0FAE6D66-8D2F-E023-C720-55E869100DEF" containerWithKeyObject="D11D03EA-302E-A4BD-79F7-1C559020F280" localFKIndex="27AAF488-52C6-19B5-372C-481E0EEE32B1" name="IBGE_Code_Address_FK">
<createdBy>matpi</createdBy>
<createdTime>2023-10-20 01:44:15 UTC</createdTime>
<generatorID>E97BC3EA-1F15-66E6-A19A-CE4320538C44</generatorID>
<ownerDesignName>ML_Syncfy</ownerDesignName>
<referredTableLongName>Address</referredTableLongName>
<deleteRule>NO ACTION</deleteRule>
<referredTableID>8E1C89AE-7383-19E0-837F-FAA5C2F7E160</referredTableID>
<keyObject>CF81D93B-4C38-DD1D-A102-C6D7BC32FEB5</keyObject>
<referredKeyID>CF81D93B-4C38-DD1D-A102-C6D7BC32FEB5</referredKeyID>
<mandatory>true</mandatory>
<refColNames>Id</refColNames>
<transferable>true</transferable>
<rely>false</rely>
<columnDependencyConstraintGenerateInDDL>true</columnDependencyConstraintGenerateInDDL>
</FKIndexAssociation>