<?xml version = '1.0' encoding = 'UTF-8'?>
<FKIndexAssociation class="oracle.dbtools.crest.model.design.relational.FKIndexAssociation" directorySegmentName="seg_0" id="6137B9CB-3B1A-2237-70AA-A181CB43B850" containerWithKeyObject="6FABA450-54FD-8C3D-C7B3-2D57A033E9F7" localFKIndex="EC527ED0-ED68-6632-7DD7-6A5243599878" name="Order_Company_User_FK">
<createdBy>matpi</createdBy>
<createdTime>2023-10-20 01:44:15 UTC</createdTime>
<generatorID>0190CEB4-CFD9-3A1E-278B-2CD01AC11A87</generatorID>
<ownerDesignName>ML_Syncfy</ownerDesignName>
<referredTableLongName>Company_User</referredTableLongName>
<deleteRule>NO ACTION</deleteRule>
<referredTableID>D0D7C436-679C-C4D5-60D9-397831D2B8BA</referredTableID>
<keyObject>2570C326-0CCD-74D3-8874-B15BCD3D0299</keyObject>
<referredKeyID>2570C326-0CCD-74D3-8874-B15BCD3D0299</referredKeyID>
<mandatory>true</mandatory>
<refColNames>Id,Cnpj</refColNames>
<transferable>true</transferable>
<rely>false</rely>
<columnDependencyConstraintGenerateInDDL>true</columnDependencyConstraintGenerateInDDL>
</FKIndexAssociation>